,Player,Tm,FantPos,Age,G,GS,Cmp,Att,Yds,TD,Int,Att,Yds,Y/A,TD,Tgt,Rec,Yds,Y/R,TD,Fmb,FL,TD,2PM,2PP,FantPt,PPR,DKPt,FDPt,VBD,PosRank,OvRank,Year
0,Dalvin Cook,MIN,RB,25,10,10,0,0,0,0,0,219,1130,5.16,13,34,29,255,8.79,1,4,3,14,3,0,223,251.5,260.5,237.0,133,1,1,2020
1,Derrick Henry ,TEN,RB,26,11,11,0,0,0,0,0,256,1257,4.91,12,26,14,93,6.64,0,0,0,12,0,0,207,221.0,224.0,214.0,118,2,2,2020
2,Tyreek Hill,KAN,WR,26,11,11,0,0,0,0,0,10,60,6.00,1,101,68,1021,15.01,13,1,0,14,0,0,192,260.1,263.1,226.1,106,1,3,2020
3,Alvin Kamara,NOR,RB,25,11,6,0,0,0,0,0,128,585,4.57,8,83,68,646,9.50,4,1,0,12,0,0,195,263.1,269.1,229.1,106,3,4,2020
4,Kyler Murray ,ARI,QB,23,11,11,264,387,2814,19,9,97,650,6.70,10,0,0,0,0,0,4,2,10,0,0,292,291.6,308.6,300.6,100,1,5,2020
5,Patrick Mahomes ,KAN,QB,25,11,11,291,423,3497,30,2,43,215,5.00,2,1,0,0,0,0,2,1,2,0,2,291,291.4,300.4,293.4,100,2,6,2020
6,Travis Kelce,KAN,TE,31,11,11,1,2,4,0,0,0,0,0,0,98,74,978,13.22,7,1,1,7,0,0,138,212.0,216.0,175.0,77,1,7,2020
7,James Robinson,JAX,RB,22,11,11,0,0,0,0,0,194,890,4.59,6,47,36,280,7.78,2,2,1,8,1,0,165,201.0,208.0,183.0,76,4,8,2020
8,Davante Adams,GNB,WR,28,9,9,0,0,0,0,0,0,0,0,0,99,74,908,12.27,11,1,1,11,0,0,155,228.8,232.8,191.8,69,2,9,2020
9,Aaron Rodgers ,GNB,QB,37,11,11,261,381,3100,33,4,19,90,4.74,1,1,1,-6,-6.00,0,2,2,1,0,0,258,259.4,268.4,262.9,67,3,10,2020
10,Russell Wilson ,SEA,QB,32,10,10,256,362,2986,30,10,55,367,6.67,1,0,0,0,0,0,6,3,1,0,1,258,258.1,277.1,268.1,67,4,11,2020
11,Josh Allen ,BUF,QB,24,11,11,267,388,3028,22,8,81,311,3.84,6,1,1,12,12.00,1,5,5,7,0,0,257,258.4,277.4,265.9,66,5,12,2020
12,Deshaun Watson ,HOU,QB,25,11,11,250,363,3201,24,5,62,293,4.73,2,0,0,0,0,0,3,0,2,0,1,257,257.3,268.3,262.3,66,6,13,2020
13,Antonio Gibson ,WAS,RB,22,11,7,0,0,0,0,0,139,645,4.64,11,39,32,233,7.28,0,2,2,11,0,0,150,181.8,189.8,165.8,60,5,14,2020
14,Josh Jacobs,LVR,RB,22,11,11,0,0,0,0,0,206,782,3.80,9,34,27,175,6.48,0,2,2,9,0,0,146,172.7,180.7,159.2,56,6,15,2020
15,D.K. Metcalf,SEA,WR,23,10,10,0,0,0,0,0,0,0,0,0,77,48,862,17.96,9,1,1,9,0,0,138,186.2,190.2,162.2,53,3,16,2020
16,Will Fuller,HOU,WR,26,11,11,0,0,0,0,0,1,0,0.00,0,75,53,879,16.58,8,0,0,8,0,0,136,188.9,191.9,162.4,50,4,17,2020
17,Adam Thielen,MIN,WR,30,10,10,0,0,0,0,0,3,15,5.00,0,76,49,646,13.18,11,0,0,11,1,0,134,183.1,186.1,158.6,48,5,18,2020
18,Tom Brady ,TAM,QB,43,12,12,307,474,3300,28,11,20,7,0.35,3,0,0,0,0,0,4,1,3,0,0,239,238.7,253.7,249.7,47,7,19,2020
19,Aaron Jones,GNB,RB,26,9,9,0,0,0,0,0,130,624,4.80,6,45,33,261,7.91,2,2,0,8,0,0,137,169.5,175.5,153.0,47,7,20,2020
20,Kareem Hunt,CLE,RB,25,11,4,0,0,0,0,0,157,706,4.50,4,32,22,151,6.86,4,1,0,8,0,0,134,155.7,161.7,144.7,44,8,21,2020
21,Justin Jefferson ,MIN,WR,21,11,9,0,0,0,0,0,0,0,0,0,72,52,918,17.65,6,0,0,6,1,0,130,181.8,184.8,155.8,44,6,22,2020
22,Justin Herbert ,LAC,QB,22,10,10,269,402,3015,23,7,41,185,4.51,3,0,0,0,0,0,6,1,3,0,1,235,235.1,249.1,242.1,44,8,23,2020
23,Keenan Allen,LAC,WR,28,11,10,0,1,0,0,0,0,0,0,0,122,85,875,10.29,7,3,2,7,1,0,128,212.5,217.5,170.0,42,7,24,2020
24,Mike Evans,TAM,WR,27,12,12,0,0,0,0,0,0,0,0,0,81,48,613,12.77,11,0,0,11,0,0,127,175.3,178.3,151.3,42,8,25,2020
25,Ezekiel Elliott,DAL,RB,25,11,11,0,0,0,0,0,181,707,3.91,5,54,39,256,6.56,2,6,5,7,1,0,130,169.3,180.3,149.8,41,9,26,2020
26,Ronald Jones II,TAM,RB,23,12,12,0,0,0,0,0,162,820,5.06,5,40,27,161,5.96,1,2,2,6,0,0,130,157.1,165.1,143.6,41,10,27,2020
27,Calvin Ridley,ATL,WR,26,10,10,0,0,0,0,0,3,14,4.67,0,86,54,797,14.76,7,0,0,7,1,0,125,179.1,182.1,152.1,39,9,28,2020
28,Tyler Lockett,SEA,WR,28,10,10,0,0,0,0,0,0,0,0,0,88,67,748,11.16,8,0,0,8,0,0,123,189.8,192.8,156.3,37,10,29,2020
29,Todd Gurley,ATL,RB,26,10,10,0,0,0,0,0,167,610,3.65,9,24,16,82,5.13,0,2,0,9,0,0,123,139.2,142.2,131.2,34,11,30,2020
30,Robert Woods,LAR,WR,28,11,11,0,0,0,0,0,20,115,5.75,2,87,61,679,11.13,5,2,1,7,0,0,119,180.4,187.4,149.9,34,11,31,2020
31,Clyde Edwards-Helaire ,KAN,RB,21,11,11,0,0,0,0,0,151,692,4.58,4,46,30,234,7.80,1,0,0,5,0,0,123,152.6,158.6,137.6,33,12,32,2020
32,DeAndre Hopkins,ARI,WR,28,11,11,0,0,0,0,0,0,0,0,0,103,77,967,12.56,4,1,1,4,0,0,119,195.7,199.7,157.2,33,12,33,2020
33,Stefon Diggs,BUF,WR,27,11,11,0,0,0,0,0,0,0,0,0,110,80,945,11.81,4,0,0,4,0,0,119,198.5,201.5,158.5,33,13,34,2020
34,D.J. Moore,CAR,WR,23,12,12,0,1,0,0,0,1,21,21.00,0,89,50,924,18.48,4,0,0,4,0,0,119,168.5,171.5,143.5,33,14,35,2020
35,A.J. Brown,TEN,WR,23,9,7,0,0,0,0,0,0,0,0,0,65,40,638,15.95,8,0,0,9,0,0,118,157.8,160.8,137.8,32,15,36,2020
36,Kenyan Drake,ARI,RB,26,10,8,0,0,0,0,0,168,719,4.28,7,20,15,84,5.60,0,1,1,7,0,0,120,135.3,139.3,127.8,31,13,37,2020
37,Chase Claypool ,PIT,WR,22,10,2,0,0,0,0,0,9,22,2.44,2,65,39,559,14.33,8,3,1,10,0,0,116,155.1,159.1,135.6,30,16,38,2020
38,Terry McLaurin ,WAS,WR,25,11,11,0,0,0,0,0,2,30,15.00,0,102,69,963,13.96,3,1,1,3,0,0,115,184.3,188.3,149.8,30,17,39,2020
39,Allen Robinson,CHI,WR,27,11,11,0,0,0,0,0,1,-1,-1.00,0,108,71,829,11.68,5,0,0,5,0,0,113,183.8,186.8,148.3,27,18,40,2020
40,Robert Tonyan ,GNB,TE,26,11,8,0,0,0,0,0,0,0,0,0,42,37,458,12.38,7,0,0,7,0,0,88,124.8,127.8,106.3,27,2,41,2020
41,Ryan Tannehill,TEN,QB,32,11,11,217,334,2608,23,4,30,152,5.07,2,1,1,0,0.00,0,5,1,2,1,1,218,218.5,229.5,222.0,26,9,42,2020
42,T.J. Hockenson ,DET,TE,23,11,11,0,0,0,0,0,0,0,0,0,68,45,530,11.78,5,0,0,5,1,0,85,130.0,133.0,107.5,24,3,43,2020
43,Mike Davis ,CAR,RB,27,12,9,0,0,0,0,0,126,504,4.00,3,62,52,329,6.33,2,1,1,5,0,0,111,163.3,170.3,137.3,22,14,44,2020
44,Nick Chubb,CLE,RB,25,7,7,0,0,0,0,0,115,719,6.25,6,7,6,49,8.17,0,1,1,6,0,0,111,116.8,120.8,113.8,21,15,45,2020
45,Darren Waller,LVR,TE,28,11,10,0,0,0,0,0,0,0,0,0,90,64,542,8.47,5,1,1,5,0,0,82,146.2,150.2,114.2,21,4,46,2020
46,Jonnu Smith,TEN,TE,25,11,10,0,0,0,0,0,1,1,1.00,1,49,30,338,11.27,7,0,0,8,0,0,82,111.9,114.9,96.9,21,5,47,2020
47,Mark Andrews,BAL,TE,25,10,2,0,0,0,0,0,0,0,0,0,60,38,454,11.95,6,2,0,6,0,0,81,119.4,122.4,100.4,20,6,48,2020
48,Amari Cooper,DAL,WR,26,11,10,0,0,0,0,0,3,11,3.67,0,98,71,848,11.94,3,0,0,3,1,0,106,176.9,179.9,141.4,20,19,49,2020
49,James Conner,PIT,RB,25,10,9,0,0,0,0,0,145,645,4.45,5,30,25,145,5.80,0,1,0,5,0,0,109,134.0,140.0,121.5,20,16,50,2020
50,Robby Anderson,CAR,WR,27,12,12,0,0,0,0,0,1,3,3.00,0,102,75,912,12.16,2,1,1,2,1,0,104,178.5,182.5,141.0,18,20,51,2020
51,Rob Gronkowski ,TAM,TE,31,12,12,0,0,0,0,0,0,0,0,0,62,37,505,13.65,4,1,0,4,0,0,75,111.5,114.5,93.0,13,7,52,2020
52,Tee Higgins ,CIN,WR,21,11,9,0,0,0,0,0,5,28,5.60,0,76,48,673,14.02,5,1,1,5,0,0,98,146.1,150.1,122.1,12,21,53,2020
53,David Montgomery,CHI,RB,23,10,9,0,0,0,0,0,142,575,4.05,1,47,35,252,7.20,2,1,1,3,1,0,101,135.7,142.7,118.2,11,17,54,2020
54,Tyler Boyd,CIN,WR,26,11,8,1,1,16,0,0,4,38,9.50,0,93,72,725,10.07,3,1,0,3,0,0,95,166.9,169.9,130.9,9,22,55,2020
55,Melvin Gordon,DEN,RB,27,10,7,0,0,0,0,0,134,554,4.13,6,29,20,87,4.35,1,4,4,7,0,0,98,118.1,125.1,108.1,9,18,56,2020
56,CeeDee Lamb ,DAL,WR,21,11,9,0,0,0,0,0,7,45,6.43,0,81,53,650,12.26,4,2,1,4,1,0,94,146.5,150.5,120.0,8,23,57,2020
57,Curtis Samuel ,CAR,WR,24,11,5,0,0,0,0,0,27,117,4.33,2,63,54,517,9.57,3,0,0,5,0,0,93,147.4,153.4,120.4,8,24,58,2020
58,Hunter Henry ,LAC,TE,26,11,11,0,0,0,0,0,0,0,0,0,76,48,502,10.46,3,0,0,3,0,0,68,116.2,119.2,92.2,7,8,59,2020
59,D'Andre Swift ,DET,RB,21,9,1,0,0,0,0,0,70,331,4.73,4,39,31,275,8.87,2,1,0,6,0,0,97,127.6,133.6,112.1,7,19,60,2020
60,Jonathan Taylor,IND,RB,21,10,8,0,0,0,0,0,135,518,3.84,4,27,26,227,8.73,0,1,1,4,0,0,97,122.5,129.5,109.5,7,20,61,2020
61,Lamar Jackson,BAL,QB,23,10,10,175,276,1948,15,6,103,575,5.58,3,0,0,0,0,0,6,3,3,0,1,197,197.4,212.4,203.4,6,10,62,2020
62,Nyheim Hines,IND,RB,24,11,2,0,0,0,0,0,61,208,3.41,2,55,44,362,8.23,4,0,0,6,1,0,95,139.0,145.0,117.0,6,21,63,2020
63,Darrell Henderson,LAR,RB,23,11,9,0,0,0,0,0,120,510,4.25,4,20,13,129,9.92,1,0,0,5,0,0,94,106.9,112.9,100.4,4,22,64,2020
64,Brandin Cooks,HOU,WR,27,11,11,0,0,0,0,0,0,0,0,0,78,52,719,13.83,3,0,0,3,0,0,90,141.9,144.9,115.9,4,25,65,2020
65,Cooper Kupp,LAR,WR,27,11,10,0,0,0,0,0,4,33,8.25,0,96,66,763,11.56,2,1,1,2,0,0,90,155.6,159.6,122.6,4,26,66,2020
66,Cole Beasley,BUF,WR,31,11,7,1,1,20,1,0,0,0,0,0,71,57,667,11.70,3,0,0,3,0,0,90,146.5,149.5,118.0,4,27,67,2020
67,Latavius Murray,NOR,RB,30,11,6,0,0,0,0,0,121,551,4.55,4,17,15,132,8.80,0,1,0,4,0,0,92,107.3,113.3,99.8,3,23,68,2020
68,Hayden Hurst,ATL,TE,27,11,8,0,0,0,0,0,0,0,0,0,64,41,459,11.20,3,0,0,3,0,0,64,104.9,107.9,84.4,3,9,69,2020
69,DeVante Parker,MIA,WR,27,11,8,0,0,0,0,0,0,0,0,0,79,52,642,12.35,4,1,0,4,0,0,88,140.2,143.2,114.2,3,28,70,2020
70,Jimmy Graham,CHI,TE,34,11,11,0,0,0,0,0,0,0,0,0,61,38,334,8.79,5,1,0,5,0,0,63,101.4,104.4,82.4,2,10,71,2020
71,Mike Gesicki,MIA,TE,25,11,7,0,0,0,0,0,0,0,0,0,51,30,449,14.97,3,0,0,3,0,0,63,92.9,95.9,77.9,2,11,72,2020
72,Matt Ryan,ATL,QB,35,11,11,277,427,3163,17,8,23,73,3.17,1,0,0,0,0,0,2,1,1,0,1,192,191.8,203.8,199.8,0,11,73,2020
73,Christian Kirk,ARI,WR,24,10,8,0,0,0,0,0,2,3,1.50,0,58,34,496,14.59,6,1,0,6,0,0,86,119.9,122.9,102.9,0,29,74,2020
74,Teddy Bridgewater,CAR,QB,28,11,11,257,366,2819,14,8,37,208,5.62,3,0,0,0,0,0,1,1,3,0,1,192,191.6,206.6,199.6,0,12,75,2020
75,Derek Watt,PIT,0,28,6,0,0,0,0,0,0,0,0,0,0,0,0,0,0,0,0,0,0,0,0,0,0,0,0,0,1,76,2020
76,Johnny Stanton,CLE,0,26,1,0,0,0,0,0,0,0,0,0,0,0,0,0,0,0,0,0,0,0,0,0,0,0,0,0,2,77,2020
77,George Kittle,SFO,TE,27,6,6,0,0,0,0,0,2,17,8.50,0,49,37,474,12.81,2,0,0,2,0,0,61,98.1,101.1,79.6,0,12,78,2020
78,Ben Roethlisberger,PIT,QB,38,10,10,255,380,2534,24,5,19,14,0.74,0,0,0,0,0,0,3,0,0,0,1,191,190.8,198.8,195.8,0,13,0,2020
79,Kirk Cousins ,MIN,QB,32,11,11,218,320,2768,23,11,16,77,4.81,0,0,0,0,0,0,4,3,0,0,4,190,190.4,207.4,201.4,0,14,0,2020
80,Matthew Stafford,DET,QB,32,11,11,244,386,2876,18,8,22,85,3.86,0,1,0,0,0,0,2,1,0,0,2,182,181.5,193.5,189.5,0,15,0,2020
81,Jared Goff,LAR,QB,26,11,11,271,403,3021,16,10,35,55,1.57,2,0,0,0,0,0,7,4,2,0,1,176,176.3,193.3,186.3,0,16,0,2020
82,Carson Wentz ,PHI,QB,28,10,10,220,377,2326,14,14,44,216,4.91,5,0,0,0,0,0,10,4,5,0,5,175,174.6,198.6,188.6,0,17,0,2020
83,Joe Burrow ,CIN,QB,24,10,10,264,404,2688,13,5,37,142,3.84,3,0,0,0,0,0,9,4,3,0,0,174,173.7,188.7,178.7,0,18,0,2020
84,Cam Newton,NWE,QB,31,10,10,178,266,1984,4,9,92,387,4.21,9,1,1,16,16.00,0,3,1,9,0,1,172,172.7,188.7,181.2,0,19,0,2020
85,Derek Carr,LVR,QB,29,11,11,241,348,2646,19,4,30,124,4.13,0,0,0,0,0,0,11,8,0,0,0,170,170.2,188.2,174.2,0,20,0,2020
86,Philip Rivers,IND,QB,39,11,11,263,391,2978,16,9,13,-3,-0.23,0,0,0,0,0,0,1,0,0,0,0,165,164.8,176.8,173.8,0,21,0,2020
87,Drew Brees,NOR,QB,41,9,9,219,298,2196,18,3,15,1,0.07,2,0,0,0,0,0,5,2,2,0,0,162,161.9,169.9,164.9,0,22,0,2020
88,Daniel Jones ,NYG,QB,23,11,11,228,361,2335,8,9,55,403,7.33,1,0,0,0,0,0,7,4,1,0,1,148,147.7,166.7,156.7,0,23,0,2020
89,Baker Mayfield,CLE,QB,25,11,11,180,294,2108,17,7,32,76,2.38,0,0,0,0,0,0,3,1,0,0,0,144,143.9,154.9,150.9,0,24,0,2020
90,Ryan Fitzpatrick,MIA,QB,38,8,7,174,254,1909,12,8,30,151,5.03,2,1,1,0,0.00,0,2,0,2,1,2,141,142.5,156.5,150.0,0,25,0,2020
91,Dak Prescott ,DAL,QB,27,5,5,151,222,1856,9,4,18,93,5.17,3,1,1,11,11.00,1,3,3,4,1,1,135,135.6,145.6,139.1,0,26,0,2020
92,Gardner Minshew II,JAX,QB,24,7,7,176,267,1855,13,5,25,122,4.88,1,1,1,0,0.00,0,4,3,1,0,1,130,131.4,145.4,135.9,0,27,0,2020
93,Nick Foles,CHI,QB,31,8,7,202,311,1852,10,8,14,3,0.21,1,0,0,0,0,0,2,0,1,0,0,104,104.4,115.4,112.4,0,28,0,2020
94,Drew Lock,DEN,QB,24,8,8,149,268,1767,7,11,24,88,3.67,2,0,0,0,0,0,5,1,2,0,0,95,95.5,110.5,106.5,0,29,0,2020
95,Chase Edmonds,ARI,RB,24,11,2,0,0,0,0,0,70,344,4.91,1,47,40,311,7.78,3,2,0,4,0,0,90,129.5,135.5,109.5,0,24,0,2020
96,Jerick McKinnon ,SFO,RB,28,11,4,0,0,0,0,0,80,315,3.94,5,39,27,197,7.30,1,0,0,6,0,0,87,114.2,120.2,100.7,0,25,0,2020
97,Nelson Agholor,LVR,WR,27,11,8,0,0,0,0,0,0,0,0,0,44,29,497,17.14,6,0,0,6,0,0,86,114.7,117.7,100.2,0,30,0,2020
98,Julio Jones ,ATL,WR,31,8,8,0,0,0,0,0,0,0,0,0,58,45,677,15.04,3,0,0,3,0,0,86,130.7,133.7,108.2,0,31,0,2020
99,Miles Sanders ,PHI,RB,23,7,7,0,0,0,0,0,102,585,5.74,3,35,17,116,6.82,0,3,2,3,1,0,86,103.1,111.1,94.6,0,26,0,2020
100,JuJu Smith-Schuster,PIT,WR,24,10,10,0,0,0,0,0,0,0,0,0,75,58,535,9.22,5,0,0,5,1,0,86,143.5,146.5,114.5,0,32,0,2020
101,Jamaal Williams,GNB,RB,25,10,3,0,0,0,0,0,98,409,4.17,2,31,27,212,7.85,1,0,0,3,2,0,84,111.1,117.1,97.6,0,27,0,2020
102,Rex Burkhead ,NWE,RB,30,10,0,0,0,0,0,0,67,274,4.09,3,33,25,192,7.68,3,0,0,6,0,0,83,107.6,113.6,95.1,0,29,0,2020
103,Chris Carson,SEA,RB,26,6,6,0,0,0,0,0,66,323,4.89,3,25,22,147,6.68,3,1,0,6,0,0,83,105.0,111.0,94.0,0,28,0,2020
104,Brandon Aiyuk ,SFO,WR,22,8,8,0,0,0,0,0,5,61,12.20,2,56,35,446,12.74,3,0,0,5,0,0,81,115.7,118.7,98.2,0,33,0,2020
105,Keelan Cole,JAX,WR,27,11,4,0,0,0,0,0,1,2,2.00,0,60,39,497,12.74,4,0,0,5,0,0,80,118.9,121.9,99.4,0,35,0,2020
106,Corey Davis ,TEN,WR,25,9,7,0,0,0,0,0,0,0,0,0,58,42,619,14.74,3,0,0,3,0,0,80,121.9,124.9,100.9,0,36,0,2020
107,Wayne Gallman,NYG,RB,26,10,5,0,0,0,0,0,93,369,3.97,6,21,16,72,4.50,0,0,0,6,0,0,80,96.1,99.1,88.1,0,30,0,2020
108,Marvin Jones ,DET,WR,30,11,11,0,0,0,0,0,0,0,0,0,69,43,503,11.70,5,0,0,5,0,0,80,123.3,126.3,101.8,0,34,0,2020
109,Taysom Hill,NOR,QB,30,11,6,31,44,397,0,1,54,279,5.17,5,8,6,74,12.33,1,6,3,6,0,0,79,85.2,95.2,83.2,0,30,0,2020
110,David Johnson,HOU,RB,29,8,8,0,0,0,0,0,103,408,3.96,3,25,16,161,10.06,1,1,1,4,0,0,79,94.9,101.9,86.9,0,31,0,2020
111,Joe Mixon,CIN,RB,24,6,6,0,0,0,0,0,119,428,3.60,3,26,21,138,6.57,1,1,1,4,0,0,79,99.6,106.6,89.1,0,32,0,2020
112,Malcolm Brown ,LAR,RB,27,11,0,0,0,0,0,0,87,371,4.26,5,27,19,120,6.32,0,1,1,5,0,0,77,96.1,103.1,86.6,0,33,0,2020
113,DJ Chark,JAX,WR,24,9,9,0,0,0,0,0,0,0,0,0,66,41,534,13.02,4,0,0,4,0,0,77,118.4,121.4,97.9,0,37,0,2020
114,Diontae Johnson ,PIT,WR,24,9,9,0,0,0,0,0,2,13,6.50,0,81,49,537,10.96,4,1,1,4,0,0,77,126.0,130.0,101.5,0,38,0,2020
115,Mike Williams ,LAC,WR,26,10,7,0,0,0,0,0,1,1,1.00,0,57,32,529,16.53,4,0,0,4,0,0,77,109.0,112.0,93.0,0,39,0,2020
116,Adrian Peterson,DET,RB,35,11,8,0,0,0,0,0,119,444,3.73,4,16,11,78,7.09,0,0,0,4,0,0,76,87.2,90.2,81.7,0,34,0,2020
117,Marquez Valdes-Scantling,GNB,WR,26,11,9,0,0,0,0,0,2,13,6.50,0,51,25,518,20.72,4,1,1,4,0,0,75,100.1,104.1,87.6,0,40,0,2020
118,Chris Godwin,TAM,WR,24,8,8,0,0,0,0,0,0,0,0,0,60,49,562,11.47,3,0,0,3,0,0,74,123.2,126.2,98.7,0,44,0,2020
119,Jarvis Landry ,CLE,WR,28,11,10,2,2,56,1,0,3,7,2.33,0,68,46,614,13.35,1,0,0,1,0,0,74,120.3,123.3,97.3,0,41,0,2020
120,Tim Patrick,DEN,WR,27,10,10,0,0,0,0,0,0,0,0,0,58,36,563,15.64,3,0,0,3,0,0,74,110.3,113.3,92.3,0,43,0,2020
121,Darius Slayton,NYG,WR,23,11,10,0,0,0,0,0,2,-1,-0.50,0,66,38,584,15.37,3,1,1,3,0,0,74,112.3,116.3,93.3,0,42,0,2020
122,Christian McCaffrey ,CAR,RB,24,3,3,0,0,0,0,0,59,225,3.81,5,19,17,149,8.76,1,0,0,6,0,0,73,90.4,96.4,81.9,0,35,0,2020
123,Devin Singletary,BUF,RB,23,11,11,0,0,0,0,0,110,483,4.39,1,39,28,207,7.39,0,1,1,1,0,0,73,101.0,108.0,87.0,0,36,0,2020
124,Giovani Bernard,CIN,RB,29,11,5,0,0,0,0,0,65,223,3.43,2,44,34,261,7.68,2,0,0,4,0,0,72,106.4,112.4,89.4,0,37,0,2020
125,Damien Harris ,NWE,RB,23,8,8,0,0,0,0,0,110,561,5.10,2,4,3,37,12.33,0,0,0,2,0,0,72,74.8,77.8,73.3,0,38,0,2020
126,Nick Mullens ,SFO,QB,25,7,5,139,206,1642,6,7,8,1,0.13,0,0,0,0,0,0,4,2,0,0,0,72,71.8,83.8,78.8,0,31,0,2020
127,Jerry Jeudy ,DEN,WR,21,11,9,0,0,0,0,0,0,0,0,0,78,37,589,15.92,2,2,0,2,0,0,71,107.9,110.9,89.4,0,45,0,2020
128,Travis Fulgham,PHI,WR,25,7,7,0,0,0,0,0,0,0,0,0,56,31,451,14.55,4,0,0,4,0,0,69,100.1,103.1,84.6,0,46,0,2020
129,Myles Gaskin,MIA,RB,23,7,5,0,0,0,0,0,100,387,3.87,2,35,30,198,6.60,0,1,1,2,0,0,69,98.5,105.5,83.5,0,39,0,2020
130,J.K. Dobbins ,BAL,RB,22,10,0,0,0,0,0,0,72,380,5.28,3,22,17,103,6.06,0,0,0,3,1,0,68,85.3,91.3,76.8,0,40,0,2020
131,Mitchell Trubisky ,CHI,QB,26,5,4,77,132,802,9,5,12,101,8.42,0,0,0,0,0,0,4,1,0,0,1,68,68.2,80.2,73.2,0,32,0,2020
132,Sam Darnold ,NYJ,QB,23,7,7,128,218,1242,3,8,20,147,7.35,1,0,0,0,0,0,1,0,1,0,0,66,66.4,80.4,74.4,0,33,0,2020
133,Raheem Mostert,SFO,RB,28,5,5,0,0,0,0,0,67,346,5.16,2,14,13,150,11.54,1,1,1,3,0,0,66,78.6,85.6,72.1,0,41,0,2020
134,Frank Gore,NYJ,RB,37,11,10,0,0,0,0,0,141,521,3.70,1,16,13,70,5.38,0,0,0,1,0,0,65,78.1,81.1,71.6,0,42,0,2020
135,Mecole Hardman,KAN,WR,22,11,6,0,0,0,0,0,2,16,8.00,0,39,29,434,14.97,3,0,0,3,1,0,65,94.0,97.0,79.5,0,47,0,2020
136,Odell Beckham Jr.,CLE,WR,28,7,7,1,1,18,0,0,3,72,24.00,1,43,23,319,13.87,3,0,0,4,0,0,64,86.8,89.8,75.3,0,48,0,2020
137,Jamison Crowder,NYJ,WR,27,7,5,0,0,0,0,0,0,0,0,0,57,35,456,13.03,3,0,0,3,0,0,64,98.6,101.6,81.1,0,49,0,2020
138,Jimmy Garoppolo,SFO,QB,29,6,6,94,140,1096,7,5,10,25,2.50,0,0,0,0,0,0,2,0,0,0,0,64,64.3,72.3,69.3,0,34,0,2020
139,Hunter Renfrow,LVR,WR,25,11,4,0,0,0,0,0,0,0,0,0,50,38,509,13.39,2,1,0,2,0,0,63,100.9,103.9,81.9,0,50,0,2020
140,Randall Cobb,HOU,WR,30,10,2,0,1,0,0,0,0,0,0,0,48,38,441,11.61,3,0,0,3,0,0,62,100.1,103.1,81.1,0,52,0,2020
141,Leonard Fournette ,TAM,RB,25,10,0,0,0,0,0,0,69,271,3.93,3,37,28,171,6.11,0,0,0,3,0,0,62,90.2,96.2,76.2,0,43,0,2020
142,David Moore,SEA,WR,25,10,4,0,0,0,0,0,5,46,9.20,0,31,24,337,14.04,4,1,0,4,0,0,62,86.3,89.3,74.3,0,51,0,2020
143,Evan Engram ,NYG,TE,26,11,9,0,0,0,0,0,5,21,4.20,1,76,44,476,10.82,1,1,1,2,0,0,60,103.7,107.7,81.7,0,13,0,2020
144,Michael Gallup,DAL,WR,24,11,10,0,0,0,0,0,0,0,0,0,68,37,538,14.54,1,0,0,1,0,0,60,96.8,99.8,78.3,0,53,0,2020
145,J.D. McKissic,WAS,RB,27,11,4,0,0,0,0,0,50,223,4.46,1,68,46,338,7.35,0,2,1,1,0,0,60,106.1,113.1,83.1,0,44,0,2020
146,Zack Moss ,BUF,RB,23,8,0,0,0,0,0,0,68,283,4.16,3,14,11,77,7.00,1,0,0,4,0,0,60,71.0,74.0,65.5,0,45,0,2020
147,Emmanuel Sanders ,NOR,WR,33,9,2,0,0,0,0,0,0,0,0,0,48,36,417,11.58,3,1,0,3,0,0,60,95.7,98.7,77.7,0,54,0,2020
148,Gabriel Davis,BUF,WR,21,11,6,0,0,0,0,0,1,0,0.00,0,35,22,354,16.09,4,0,0,4,0,0,59,81.4,84.4,70.4,0,55,0,2020
149,Josh Reynolds,LAR,WR,25,11,9,0,0,0,0,0,0,0,0,0,60,38,488,12.84,2,2,1,2,0,0,59,96.8,100.8,77.8,0,56,0,2020
150,Dalton Schultz,DAL,TE,24,11,9,0,0,0,0,0,0,0,0,0,66,44,432,9.82,3,1,1,3,0,0,59,103.2,107.2,81.2,0,14,0,2020
151,Eric Ebron,PIT,TE,27,10,8,0,0,0,0,0,0,0,0,0,56,35,359,10.26,4,1,1,4,0,0,58,92.9,96.9,75.4,0,16,0,2020
152,Gus Edwards ,BAL,RB,25,10,3,0,0,0,0,0,85,376,4.42,3,7,3,42,14.00,0,1,1,3,0,0,58,60.8,64.8,59.3,0,47,0,2020
153,Austin Ekeler,LAC,RB,25,5,5,0,0,0,0,0,63,292,4.63,1,33,28,229,8.18,0,0,0,1,0,0,58,86.1,92.1,72.1,0,46,0,2020
154,Noah Fant,DEN,TE,23,10,9,0,0,0,0,0,0,0,0,0,60,40,435,10.88,2,0,0,2,1,0,58,97.5,100.5,77.5,0,17,0,2020
155,Logan Thomas,WAS,TE,29,11,10,1,1,28,0,0,2,5,2.50,0,60,34,328,9.65,4,0,0,4,0,0,58,92.4,95.4,75.4,0,15,0,2020
156,Devontae Booker,LVR,RB,28,11,0,0,0,0,0,0,59,326,5.53,3,14,11,64,5.82,0,1,0,3,0,0,57,68.0,71.0,62.5,0,49,0,2020
157,Damiere Byrd ,NWE,WR,27,11,9,0,0,0,0,0,1,11,11.00,0,55,35,502,14.34,1,2,0,1,0,0,57,92.3,95.3,74.8,0,57,0,2020
158,Joshua Kelley,LAC,RB,23,11,0,0,0,0,0,0,109,346,3.17,2,21,21,145,6.90,0,2,2,2,0,0,57,78.1,86.1,67.6,0,48,0,2020
159,Preston Williams,MIA,WR,23,8,7,0,0,0,0,0,0,0,0,0,35,18,288,16.00,4,0,0,4,2,0,57,74.8,77.8,65.8,0,58,0,2020
160,Willie Snead ,BAL,WR,28,10,7,0,0,0,0,0,0,0,0,0,40,28,379,13.54,3,1,0,3,0,0,56,83.9,86.9,69.9,0,59,0,2020
161,Jeff Wilson,SFO,RB,25,7,1,0,0,0,0,0,50,206,4.12,4,7,6,75,12.50,1,1,1,5,0,0,56,62.1,66.1,59.1,0,50,0,2020
162,Marquise Brown ,BAL,WR,23,10,9,0,0,0,0,0,1,1,1.00,0,59,32,431,13.47,2,0,0,2,0,0,55,87.2,90.2,71.2,0,60,0,2020
163,Joe Flacco,NYJ,QB,35,5,4,74,134,864,6,3,6,22,3.67,0,0,0,0,0,0,1,0,0,0,0,55,54.8,60.8,57.8,0,35,0,2020
164,Scott Miller ,TAM,WR,23,12,5,0,0,0,0,0,3,14,4.67,0,43,27,414,15.33,2,0,0,2,0,0,55,81.8,84.8,68.3,0,61,0,2020
165,Russell Gage,ATL,WR,24,11,4,0,1,0,0,0,1,-2,-2.00,0,69,45,471,10.47,1,0,0,1,0,0,53,97.9,100.9,75.4,0,63,0,2020
166,Dwayne Haskins ,WAS,QB,23,4,4,89,146,939,4,3,13,30,2.31,1,0,0,0,0,0,4,2,1,0,0,53,52.6,60.6,55.6,0,36,0,2020
167,Zach Pascal,IND,WR,26,11,11,0,1,0,0,0,0,0,0,0,52,32,407,12.72,2,0,0,2,0,0,53,84.7,87.7,68.7,0,64,0,2020
168,Breshad Perriman,NYJ,WR,27,7,7,0,0,0,0,0,0,0,0,0,36,22,352,16.00,3,0,0,3,0,0,53,75.2,78.2,64.2,0,62,0,2020
169,Boston Scott,PHI,RB,25,10,3,0,0,0,0,0,56,270,4.82,1,21,16,140,8.75,1,1,0,2,0,0,53,69.0,75.0,61.0,0,51,0,2020
170,Trey Burton,IND,TE,29,8,2,0,0,0,0,0,2,3,1.50,2,38,23,213,9.26,3,0,0,5,0,0,52,74.6,77.6,63.1,0,19,0,2020
171,Tyler Higbee,LAR,TE,27,10,10,0,0,0,0,0,1,1,1.00,0,37,28,321,11.46,3,0,0,3,1,0,52,80.2,83.2,66.2,0,18,0,2020
172,Darnell Mooney,CHI,WR,23,11,5,0,0,0,0,0,1,-3,-3.00,0,65,36,385,10.69,2,1,0,2,1,0,52,88.2,91.2,70.2,0,65,0,2020
173,John Brown,BUF,WR,30,8,7,0,0,0,0,0,0,0,0,0,48,29,386,13.31,2,0,0,2,0,0,51,79.6,82.6,65.1,0,68,0,2020
174,Jared Cook,NOR,TE,33,10,3,0,0,0,0,0,0,0,0,0,37,22,285,12.95,4,1,1,4,0,0,51,72.5,76.5,61.5,0,20,0,2020
175,Jalen Guyton,LAC,WR,23,11,6,0,0,0,0,0,1,-4,-4.00,0,30,18,331,18.39,3,0,0,3,0,0,51,68.7,71.7,59.7,0,67,0,2020
176,Jakobi Meyers,NWE,WR,24,9,4,1,1,24,1,0,1,2,2.00,0,47,36,443,12.31,0,0,0,0,1,0,51,87.5,90.5,69.5,0,66,0,2020
177,Tre'Quan Smith,NOR,WR,24,11,7,0,0,0,0,0,0,0,0,0,36,27,321,11.89,3,1,0,3,0,0,50,77.1,80.1,63.6,0,69,0,2020
178,Allen Lazard,GNB,WR,25,5,4,0,0,0,0,0,2,17,8.50,0,27,19,295,15.53,3,0,0,3,0,0,49,68.2,71.2,58.7,0,70,0,2020
179,Phillip Lindsay,DEN,RB,26,8,6,0,0,0,0,0,82,414,5.05,1,8,2,14,7.00,0,0,0,1,0,0,49,50.8,53.8,49.8,0,52,0,2020
180,Anthony Miller,CHI,WR,26,11,3,0,0,0,0,0,1,9,9.00,0,63,37,377,10.19,2,2,1,2,0,0,49,85.6,89.6,67.1,0,72,0,2020
181,Tony Pollard,DAL,RB,23,11,1,0,0,0,0,0,56,278,4.96,2,21,15,88,5.87,0,0,0,2,0,0,49,63.6,66.6,56.1,0,53,0,2020
182,Tua Tagovailoa ,MIA,QB,22,5,4,60,97,602,6,0,15,34,2.27,0,0,0,0,0,0,1,1,0,0,0,49,49.5,53.5,49.5,0,37,0,2020
183,Greg Ward,PHI,WR,25,10,7,0,0,0,0,0,2,-4,-2.00,0,55,40,291,7.28,3,2,0,3,1,0,49,88.7,91.7,68.7,0,71,0,2020
184,Kendrick Bourne,SFO,WR,25,10,4,0,0,0,0,0,0,0,0,0,50,32,412,12.88,1,0,0,1,0,0,47,79.2,82.2,63.2,0,74,0,2020
185,Andy Dalton,DAL,QB,33,6,4,99,152,870,5,5,12,42,3.50,0,1,1,-3,-3.00,0,2,1,0,0,0,47,47.7,56.7,52.2,0,38,0,2020
186,Brian Hill,ATL,RB,25,11,1,0,0,0,0,0,73,316,4.33,1,21,16,111,6.94,0,1,1,1,0,0,47,62.7,69.7,54.7,0,57,0,2020
187,T.Y. Hilton,IND,WR,31,10,10,0,0,0,0,0,0,0,0,0,55,33,408,12.36,1,0,0,1,0,0,47,79.8,82.8,63.3,0,75,0,2020
188,Duke Johnson,HOU,RB,27,9,3,0,0,0,0,0,67,201,3.00,1,27,20,172,8.60,1,2,1,2,0,0,47,67.3,74.3,57.3,0,55,0,2020
189,Laviska Shenault Jr.,JAX,WR,22,9,8,0,0,0,0,0,12,60,5.00,0,43,33,354,10.73,1,0,0,1,0,0,47,80.4,83.4,63.9,0,73,0,2020
190,James White ,NWE,RB,28,9,0,0,0,0,0,0,26,88,3.38,2,42,34,266,7.82,0,1,0,2,0,0,47,81.4,84.4,64.4,0,54,0,2020
191,Jordan Wilkins,IND,RB,26,11,0,0,0,0,0,0,78,293,3.76,1,12,9,95,10.56,0,0,0,1,1,0,47,55.8,58.8,51.3,0,56,0,2020
192,Darren Fells,HOU,TE,34,11,11,0,0,0,0,0,0,0,0,0,24,19,275,14.47,3,0,0,3,0,0,46,64.5,67.5,55.0,0,21,0,2020
193,Kenny Golladay,DET,WR,27,5,5,0,0,0,0,0,0,0,0,0,32,20,338,16.90,2,0,0,2,0,0,46,65.8,68.8,55.8,0,76,0,2020
194,Alexander Mattison,MIN,RB,22,11,1,0,0,0,0,0,74,338,4.57,1,11,9,61,6.78,0,0,0,1,0,0,46,54.9,57.9,50.4,0,58,0,2020
195,Kyle Allen,WAS,QB,24,4,4,60,87,610,4,1,7,26,3.71,1,0,0,0,0,0,1,1,1,0,0,45,45.0,50.0,46.0,0,39,0,2020
196,Sterling Shepard,NYG,WR,27,7,7,0,0,0,0,0,3,28,9.33,0,50,41,359,8.76,1,0,0,1,0,0,45,85.7,88.7,65.2,0,77,0,2020
197,Alex Smith,WAS,QB,36,5,3,107,155,1067,3,5,9,3,0.33,0,0,0,0,0,0,1,0,0,0,0,45,45.0,53.0,50.0,0,40,0,2020
198,Cam Akers ,LAR,RB,21,9,2,0,0,0,0,0,59,285,4.83,1,3,3,27,9.00,1,0,0,2,0,0,43,46.2,49.2,44.7,0,60,0,2020
199,Mo Alie-Cox,IND,TE,27,10,3,0,0,0,0,0,0,0,0,0,30,24,328,13.67,2,1,1,2,0,0,43,66.8,70.8,54.8,0,22,0,2020
200,Rashard Higgins,CLE,WR,26,9,2,0,0,0,0,0,0,0,0,0,25,19,305,16.05,2,0,0,2,0,0,43,61.5,64.5,52.0,0,79,0,2020
201,Carlos Hyde,SEA,RB,30,5,1,0,0,0,0,0,45,204,4.53,3,10,8,50,6.25,0,0,0,3,0,0,43,51.4,54.4,47.4,0,59,0,2020
202,Kerryon Johnson,DET,RB,23,11,2,0,0,0,0,0,47,175,3.72,1,19,14,152,10.86,1,1,1,2,0,0,43,56.7,63.7,49.7,0,61,0,2020
203,Golden Tate,NYG,WR,32,9,3,1,2,18,0,0,0,0,0,0,43,28,306,10.93,2,0,0,2,0,0,43,71.3,74.3,57.3,0,78,0,2020
204,A.J. Green,CIN,WR,32,11,10,0,0,0,0,0,0,0,0,0,80,35,357,10.20,1,0,0,1,0,0,42,76.7,79.7,59.2,0,81,0,2020
205,James Washington,PIT,WR,24,10,4,0,0,0,0,0,0,0,0,0,35,21,244,11.62,3,0,0,3,0,0,42,63.4,66.4,52.9,0,80,0,2020
206,Danny Amendola,DET,WR,35,9,3,0,0,0,0,0,1,2,2.00,0,44,28,411,14.68,0,0,0,0,0,0,41,69.3,72.3,55.3,0,83,0,2020
207,Marvin Hall,DET,WR,27,11,5,0,0,0,0,0,1,1,1.00,0,30,17,290,17.06,2,0,0,2,0,0,41,58.1,61.1,49.6,0,84,0,2020
208,Michael Pittman Jr.,IND,WR,23,8,5,0,0,0,0,0,1,21,21.00,0,40,26,330,12.69,1,0,0,1,0,0,41,67.1,70.1,54.1,0,85,0,2020
209,Henry Ruggs III,LVR,WR,21,9,9,0,0,0,0,0,7,42,6.00,0,31,17,312,18.35,1,0,0,1,0,0,41,58.4,61.4,49.9,0,82,0,2020
210,Kalen Ballage,2TM,RB,25,6,2,0,0,0,0,0,52,194,3.73,1,28,23,143,6.22,0,0,0,1,0,0,40,62.7,68.7,51.2,0,63,0,2020
211,Gerald Everett,LAR,TE,26,11,3,0,0,0,0,0,1,2,2.00,1,37,28,298,10.64,1,1,1,2,0,0,40,68.0,72.0,54.0,0,23,0,2020
212,Jakeem Grant,MIA,WR,28,11,2,0,0,0,0,0,3,20,6.67,0,37,26,256,9.85,1,1,0,2,0,0,40,65.6,68.6,52.6,0,87,0,2020
213,Mark Ingram,BAL,RB,31,8,7,0,0,0,0,0,57,232,4.07,2,7,5,49,9.80,0,0,0,2,0,0,40,45.1,48.1,42.6,0,62,0,2020
214,Demarcus Robinson,KAN,WR,26,11,7,0,0,0,0,0,0,0,0,0,44,32,300,9.38,2,1,1,2,0,0,40,72.0,76.0,56.0,0,86,0,2020
215,Chris Conley,JAX,WR,28,10,2,0,0,0,0,0,0,0,0,0,46,27,332,12.30,1,0,0,1,0,0,39,66.2,69.2,52.7,0,88,0,2020
216,Deebo Samuel,SFO,WR,24,5,4,0,0,0,0,0,6,14,2.33,0,35,27,318,11.78,1,0,0,1,0,0,39,66.2,69.2,52.7,0,89,0,2020
217,DeeJay Dallas,SEA,RB,22,8,2,0,0,0,0,0,30,101,3.37,2,17,15,100,6.67,1,0,0,3,0,0,38,53.1,59.1,45.6,0,64,0,2020
218,Dallas Goedert,PHI,TE,25,6,4,0,0,0,0,0,0,0,0,0,31,23,263,11.43,2,0,0,2,0,0,38,61.3,64.3,49.8,0,24,0,2020
219,Austin Hooper,CLE,TE,26,9,9,0,0,0,0,0,0,0,0,0,42,28,262,9.36,2,0,0,2,0,0,38,66.2,69.2,52.2,0,25,0,2020
220,La'Mical Perine ,NYJ,RB,22,9,0,0,0,0,0,0,55,202,3.67,2,13,10,49,4.90,0,0,0,2,0,0,37,47.1,50.1,42.1,0,65,0,2020
221,Kyle Rudolph ,MIN,TE,31,11,11,0,0,0,0,0,0,0,0,0,35,28,334,11.93,1,1,1,1,0,0,37,65.4,69.4,51.4,0,26,0,2020
222,Braxton Berrios,NYJ,WR,25,11,2,0,0,0,0,0,1,13,13.00,0,39,24,223,9.29,2,0,0,2,0,0,36,59.6,62.6,47.6,0,92,0,2020
223,KJ Hamler ,DEN,WR,21,9,3,0,0,0,0,0,6,24,4.00,0,44,25,275,11.00,1,2,0,1,0,0,36,60.9,63.9,48.4,0,91,0,2020
224,Benny Snell Jr.,PIT,RB,22,10,0,0,0,0,0,0,57,195,3.42,3,3,2,0,0.00,0,2,1,3,0,0,36,37.5,41.5,36.5,0,66,0,2020
225,Sammy Watkins,KAN,WR,27,6,5,0,0,0,0,0,1,3,3.00,0,36,25,260,10.40,2,1,1,2,0,0,36,61.3,65.3,48.8,0,90,0,2020
226,Julian Edelman,NWE,WR,34,6,1,2,2,38,0,0,2,22,11.00,0,39,21,315,15.00,0,0,0,0,0,0,35,56.2,59.2,45.7,0,93,0,2020
227,Richard Rodgers ,PHI,TE,28,10,3,0,0,0,0,0,0,0,0,0,25,21,292,13.90,1,0,0,1,0,0,35,56.2,59.2,45.7,0,27,0,2020
228,Jordan Akins,HOU,TE,28,8,3,0,0,0,0,0,1,4,4.00,0,28,22,275,12.50,1,0,0,1,0,0,34,55.9,58.9,44.9,0,29,0,2020
229,Anthony Firkser,TEN,TE,25,11,1,0,0,0,0,0,0,0,0,0,40,29,282,9.72,1,0,0,1,0,0,34,63.2,66.2,48.7,0,28,0,2020
230,Larry Fitzgerald,ARI,WR,37,10,10,0,0,0,0,0,0,0,0,0,57,43,336,7.81,0,0,0,0,0,0,34,76.6,79.6,55.1,0,96,0,2020
231,Adam Humphries,TEN,WR,27,6,1,0,0,0,0,0,0,0,0,0,31,22,219,9.95,2,0,0,2,0,0,34,55.9,58.9,44.9,0,94,0,2020
232,Cedrick Wilson Jr.,DAL,WR,25,11,0,1,1,11,1,0,3,-12,-4.00,0,27,16,186,11.63,2,0,0,2,0,0,34,49.8,52.8,41.8,0,95,0,2020
233,Andy Isabella,ARI,WR,24,11,1,0,0,0,0,0,1,-6,-6.00,0,30,19,217,11.42,2,1,0,2,0,0,33,52.1,55.1,42.6,0,98,0,2020
234,Olamide Zaccheaus,ATL,WR,23,11,2,0,0,0,0,0,1,0,0.00,0,32,20,274,13.70,1,0,0,1,0,0,33,53.4,56.4,43.4,0,97,0,2020
235,Le'Veon Bell,2TM,RB,28,7,2,0,0,0,0,0,47,175,3.72,1,10,10,86,8.60,0,1,0,1,0,0,32,42.1,45.1,37.1,0,67,0,2020
236,Tyler Eifert,JAX,TE,30,10,2,0,0,0,0,0,0,0,0,0,41,22,204,9.27,2,0,0,2,0,0,32,54.4,57.4,43.4,0,30,0,2020
237,Justin Jackson ,LAC,RB,24,6,4,0,0,0,0,0,45,185,4.11,0,19,15,131,8.73,0,0,0,0,0,0,32,46.6,52.6,39.1,0,68,0,2020
238,Irv Smith Jr.,MIN,TE,22,9,4,0,0,0,0,0,0,0,0,0,23,15,182,12.13,2,0,0,2,1,0,32,47.2,50.2,39.7,0,31,0,2020
239,Kyle Juszczyk,SFO,RB,29,11,10,0,0,0,0,0,10,49,4.90,2,18,12,142,11.83,0,1,0,2,0,0,31,43.1,46.1,37.1,0,69,0,2020
240,Isaiah McKenzie,BUF,WR,25,11,4,1,1,12,1,0,6,4,0.67,0,17,16,140,8.75,2,0,0,2,0,0,31,46.9,49.9,38.9,0,100,0,2020
241,Cordarrelle Patterson,CHI,WR,29,11,3,0,0,0,0,0,43,126,2.93,0,21,19,124,6.53,0,0,0,1,0,0,31,50.0,56.0,40.5,0,99,0,2020
242,Cam Sims,WAS,WR,24,11,5,0,0,0,0,0,0,0,0,0,15,13,245,18.85,1,0,0,1,0,0,31,43.5,46.5,37.0,0,101,0,2020
243,Peyton Barber,WAS,RB,26,11,2,0,0,0,0,0,59,173,2.93,2,3,2,11,5.50,0,0,0,2,0,0,30,32.4,35.4,31.4,0,70,0,2020
244,Cameron Brate,TAM,TE,29,12,1,0,0,0,0,0,0,0,0,0,25,20,181,9.05,2,0,0,2,0,0,30,50.1,53.1,40.1,0,33,0,2020
245,Harrison Bryant,CLE,TE,22,11,7,0,0,0,0,0,0,0,0,0,23,16,164,10.25,3,2,2,3,0,0,30,46.4,51.4,38.4,0,32,0,2020
246,Jeff Driskel,DEN,QB,27,3,1,35,64,432,3,2,6,28,4.67,0,0,0,0,0,0,0,0,0,0,1,30,30.1,35.1,32.1,0,41,0,2020
247,Tyron Johnson,LAC,WR,24,7,0,0,0,0,0,0,3,17,5.67,0,8,5,220,44.00,1,0,0,1,0,0,30,34.7,37.7,32.2,0,103,0,2020
248,Tyler Kroft,BUF,TE,28,9,4,0,0,0,0,0,0,0,0,0,16,12,119,9.92,3,0,0,3,0,0,30,41.9,44.9,35.9,0,34,0,2020
249,Jalen Reagor ,PHI,WR,21,5,5,0,0,0,0,0,1,6,6.00,0,26,16,211,13.19,1,1,0,1,1,0,30,45.7,48.7,37.7,0,102,0,2020
250,Dan Arnold,ARI,TE,25,11,4,0,0,0,0,0,0,0,0,0,25,18,225,12.50,1,1,0,1,0,0,29,46.5,49.5,37.5,0,36,0,2020
251,Devonta Freeman ,NYG,RB,28,5,4,0,0,0,0,0,54,172,3.19,1,10,7,58,8.29,0,0,0,1,0,0,29,36.0,39.0,32.5,0,71,0,2020
252,DaeSean Hamilton,DEN,WR,25,11,2,0,0,0,0,0,0,0,0,0,28,15,185,12.33,2,1,1,2,0,0,29,43.5,47.5,36.0,0,105,0,2020
253,Collin Johnson,JAX,WR,23,11,0,0,0,0,0,0,0,0,0,0,21,11,165,15.00,2,0,0,2,0,0,29,39.5,42.5,34.0,0,104,0,2020
254,Jordan Reed,SFO,TE,30,6,0,0,0,0,0,0,0,0,0,0,30,19,168,8.84,2,0,0,2,0,0,29,47.8,50.8,38.3,0,35,0,2020
255,Devin Duvernay ,BAL,WR,23,10,0,0,0,0,0,0,2,41,20.50,0,20,15,179,11.93,0,0,0,1,0,0,28,43.0,46.0,35.5,0,108,0,2020
256,Deonte Harris,NOR,WR,23,9,2,0,0,0,0,0,6,51,8.50,0,25,20,186,9.30,1,3,1,1,0,0,28,47.7,51.7,37.7,0,110,0,2020
257,Dontrelle Inman,WAS,WR,31,8,2,0,0,0,0,0,0,0,0,0,28,18,163,9.06,2,1,0,2,0,0,28,46.3,49.3,37.3,0,107,0,2020
258,Richie James,SFO,WR,25,6,3,0,0,0,0,0,0,0,0,0,19,13,239,18.38,1,1,1,1,0,0,28,40.9,44.9,34.4,0,109,0,2020
259,Dion Lewis,NYG,RB,30,11,0,0,0,0,0,0,21,69,3.29,1,27,17,113,6.65,1,1,1,2,0,0,28,45.2,49.2,36.7,0,72,0,2020
260,Jake Luton,JAX,QB,24,3,3,60,110,624,2,6,1,13,13.00,1,0,0,0,0,0,2,0,1,0,0,28,28.3,37.3,34.3,0,42,0,2020
261,Denzel Mims ,NYJ,WR,23,5,5,0,0,0,0,0,0,0,0,0,33,17,284,16.71,0,0,0,0,0,0,28,45.4,48.4,36.9,0,106,0,2020
262,Greg Olsen,SEA,TE,35,10,8,0,0,0,0,0,0,0,0,0,35,23,224,9.74,1,0,0,1,0,0,28,51.4,54.4,39.9,0,37,0,2020
263,Jack Doyle,IND,TE,30,9,8,0,0,0,0,0,0,0,0,0,18,10,114,11.40,3,1,1,3,0,0,27,37.4,41.4,32.4,0,38,0,2020
264,Jordan Howard,MIA,RB,26,5,3,0,0,0,0,0,28,33,1.18,4,1,1,-3,-3.00,0,1,0,4,0,0,27,28.0,28.0,27.5,0,73,0,2020
265,O.J. Howard ,TAM,TE,26,4,1,0,0,0,0,0,0,0,0,0,19,11,146,13.27,2,0,0,2,0,0,27,37.6,40.6,32.1,0,39,0,2020
266,Salvon Ahmed,MIA,RB,22,3,2,0,0,0,0,0,40,166,4.15,1,7,6,36,6.00,0,0,0,1,0,0,26,32.2,35.2,29.2,0,74,0,2020
267,Zach Ertz,PHI,TE,30,6,6,0,0,0,0,0,0,0,0,0,45,24,178,7.42,1,0,0,1,1,0,26,49.8,52.8,37.8,0,41,0,2020
268,Marcus Johnson,IND,WR,26,8,3,0,0,0,0,0,0,0,0,0,27,14,255,18.21,0,0,0,0,0,0,26,39.5,42.5,32.5,0,111,0,2020
269,Sony Michel,NWE,RB,25,4,3,0,0,0,0,0,26,173,6.65,1,3,2,23,11.50,0,0,0,1,0,0,26,27.6,30.6,26.6,0,75,0,2020
270,Adam Shaheen,MIA,TE,26,11,3,0,0,0,0,0,0,0,0,0,12,7,84,12.00,3,0,0,3,0,0,26,33.4,33.4,29.9,0,40,0,2020
271,N'Keal Harry ,NWE,WR,23,9,7,0,0,0,0,0,2,0,0.00,0,43,24,213,8.88,1,1,1,1,0,0,25,49.3,53.3,37.3,0,112,0,2020
272,Michael Thomas,NOR,WR,27,5,5,0,0,0,0,0,1,1,1.00,0,36,23,249,10.83,0,0,0,0,0,0,25,48.0,51.0,36.5,0,113,0,2020
273,Matt Breida,MIA,RB,25,9,1,0,0,0,0,0,47,168,3.57,0,10,9,96,10.67,0,2,1,0,0,0,24,33.4,37.4,28.9,0,76,0,2020
274,Jamycal Hasty,SFO,RB,24,8,0,0,0,0,0,0,39,148,3.79,1,8,7,33,4.71,0,1,0,1,0,0,24,31.1,34.1,27.6,0,78,0,2020
275,Travis Homer,SEA,RB,22,9,0,0,0,0,0,0,25,88,3.52,0,10,9,90,10.00,1,0,0,1,0,0,24,32.8,32.8,28.3,0,79,0,2020
276,Tyler Johnson,TAM,WR,22,10,3,0,0,0,0,0,0,0,0,0,14,10,118,11.80,2,0,0,2,0,0,24,33.8,36.8,28.8,0,114,0,2020
277,Marcedes Lewis,GNB,TE,36,10,10,0,0,0,0,0,0,0,0,0,14,7,56,8.00,3,0,0,3,0,0,24,30.6,30.6,27.1,0,42,0,2020
278,Darrel Williams,KAN,RB,25,11,0,0,0,0,0,0,20,80,4.00,1,17,12,82,6.83,0,0,0,1,1,0,24,36.2,36.2,30.2,0,77,0,2020
279,Nick Boyle,BAL,TE,27,9,9,0,0,0,0,0,0,0,0,0,17,14,113,8.07,2,0,0,2,0,0,23,37.3,40.3,30.3,0,43,0,2020
280,Jalen Richard,LVR,RB,27,9,0,0,0,0,0,0,14,83,5.93,1,15,12,90,7.50,0,0,0,1,0,0,23,35.3,35.3,29.3,0,80,0,2020
281,Drew Sample,CIN,TE,24,11,8,0,0,0,0,0,0,0,0,0,37,26,252,9.69,0,1,1,0,0,0,23,49.2,53.2,36.2,0,44,0,2020
282,Chris Thompson,JAX,RB,30,8,0,0,0,0,0,0,7,20,2.86,0,23,20,146,7.30,1,0,0,1,0,0,23,42.6,45.6,32.6,0,81,0,2020
283,Will Dissly,SEA,TE,24,10,6,0,0,0,0,0,0,0,0,0,17,14,163,11.64,1,0,0,1,0,0,22,36.3,39.3,29.3,0,46,0,2020
284,Jeremy McNichols ,TEN,RB,25,11,0,0,0,0,0,0,34,193,5.68,0,10,6,29,4.83,0,0,0,0,0,0,22,28.2,31.2,25.2,0,83,0,2020
285,David Njoku ,CLE,TE,24,8,3,0,0,0,0,0,0,0,0,0,14,8,102,12.75,2,0,0,2,0,0,22,30.2,33.2,26.2,0,47,0,2020
286,Ito Smith,ATL,RB,25,9,0,0,0,0,0,0,25,111,4.44,1,15,11,53,4.82,0,0,0,1,0,0,22,33.4,36.4,27.9,0,82,0,2020
287,Durham Smythe,MIA,TE,25,10,8,0,0,0,0,0,0,0,0,0,14,12,104,8.67,2,0,0,2,0,0,22,34.4,37.4,28.4,0,45,0,2020
288,Miles Boykin,BAL,WR,24,10,7,0,0,0,0,0,0,0,0,0,23,14,153,10.93,1,0,0,1,0,0,21,35.3,38.3,28.3,0,116,0,2020
289,Ross Dwelley,SFO,TE,25,11,6,0,0,0,0,0,0,0,0,0,16,11,147,13.36,1,0,0,1,0,0,21,31.7,34.7,26.2,0,48,0,2020
290,Steven Sims,WAS,WR,23,7,2,0,0,0,0,0,0,0,0,0,19,16,174,10.88,1,3,1,1,0,0,21,37.4,41.4,29.4,0,115,0,2020
291,Jacoby Brissett,IND,QB,28,6,0,2,7,17,0,0,9,14,1.56,3,0,0,0,0,0,0,0,3,0,0,20,20.1,20.1,20.1,0,43,0,2020
292,Royce Freeman,DEN,RB,24,11,0,0,0,0,0,0,30,129,4.30,0,10,9,73,8.11,0,0,0,0,0,0,20,29.2,32.2,24.7,0,84,0,2020
293,Jacob Hollister,SEA,TE,27,10,1,0,0,0,0,0,0,0,0,0,19,14,118,8.43,1,0,0,1,1,0,20,33.8,36.8,26.8,0,49,0,2020
294,Van Jefferson ,LAR,WR,24,11,0,0,0,0,0,0,1,-1,-1.00,0,16,11,143,13.00,1,1,0,1,0,0,20,31.2,34.2,25.7,0,118,0,2020
295,Olabisi Johnson,MIN,WR,23,11,3,0,0,0,0,0,0,0,0,0,18,13,176,13.54,0,0,0,0,1,0,20,32.6,35.6,26.1,0,119,0,2020
296,Kenny Stills,HOU,WR,28,10,0,0,0,0,0,0,0,0,0,0,19,11,144,13.09,1,0,0,1,0,0,20,31.4,34.4,25.9,0,117,0,2020
297,John Hightower,PHI,WR,24,10,4,0,0,0,0,0,0,0,0,0,24,9,166,18.44,0,0,0,0,1,0,19,27.6,30.6,23.1,0,121,0,2020
298,Freddie Swain,SEA,WR,22,10,1,0,0,0,0,0,0,0,0,0,15,10,134,13.40,1,0,0,1,0,0,19,29.4,32.4,24.4,0,120,0,2020
299,Isaiah Ford,MIA,WR,24,7,0,0,0,0,0,0,0,0,0,0,29,18,184,10.22,0,0,0,0,0,0,18,36.4,39.4,27.4,0,122,0,2020
300,Mike Glennon,JAX,QB,31,1,1,20,35,235,2,0,2,6,3.00,0,0,0,0,0,0,0,0,0,0,0,18,18.0,18.0,18.0,0,44,0,2020
301,Albert Okwuegbunam ,DEN,TE,22,4,0,0,0,0,0,0,0,0,0,0,15,11,121,11.00,1,0,0,1,0,0,18,29.1,32.1,23.6,0,50,0,2020
302,Samaje Perine,CIN,RB,25,11,0,0,0,0,0,0,24,102,4.25,1,6,5,16,3.20,0,0,0,1,0,0,18,22.8,25.8,20.3,0,85,0,2020
303,Kalif Raymond,TEN,WR,26,11,3,0,0,0,0,0,1,-3,-3.00,0,13,9,187,20.78,0,0,0,0,0,0,18,27.4,30.4,22.9,0,123,0,2020
304,Jason Witten,LVR,TE,38,11,5,0,0,0,0,0,0,0,0,0,11,11,57,5.18,2,0,0,2,0,0,18,28.7,28.7,23.2,0,51,0,2020
305,Chad Beebe,MIN,WR,26,9,0,0,0,0,0,0,0,0,0,0,19,14,126,9.00,1,2,1,1,0,0,17,30.6,34.6,23.6,0,131,0,2020
306,Antonio Brown ,TAM,WR,32,4,1,0,0,0,0,0,2,-2,-1.00,0,29,20,168,8.40,0,0,0,0,0,0,17,36.6,39.6,26.6,0,130,0,2020
307,Quintez Cephus,DET,WR,22,8,1,0,0,0,0,0,0,0,0,0,21,12,174,14.50,0,0,0,0,0,0,17,29.4,32.4,23.4,0,124,0,2020
308,Alec Ingold,LVR,RB,24,11,3,0,0,0,0,0,2,2,1.00,0,14,10,108,10.80,1,0,0,1,0,0,17,27.0,30.0,22.0,0,86,0,2020
309,Ryan Izzo,NWE,TE,25,11,11,0,0,0,0,0,0,0,0,0,19,12,193,16.08,0,1,1,0,0,0,17,29.3,33.3,23.3,0,55,0,2020
310,DeSean Jackson,PHI,WR,34,4,4,0,0,0,0,0,1,12,12.00,0,25,13,155,11.92,0,0,0,0,0,0,17,29.7,32.7,23.2,0,129,0,2020
311,Jesse James,DET,TE,26,11,5,0,0,0,0,0,0,0,0,0,16,11,107,9.73,1,0,0,1,0,0,17,27.7,30.7,22.2,0,56,0,2020
312,Zay Jones ,LVR,WR,25,11,1,0,0,0,0,0,0,0,0,0,15,12,108,9.00,1,0,0,1,0,0,17,28.8,31.8,22.8,0,128,0,2020
313,James O'Shaughnessy,JAX,TE,28,10,9,0,0,0,0,0,0,0,0,0,25,18,173,9.61,0,0,0,0,0,0,17,35.3,38.3,26.3,0,54,0,2020
314,Donald Parham,LAC,TE,23,8,3,0,0,0,0,0,0,0,0,0,8,3,54,18.00,2,0,0,2,0,0,17,20.4,20.4,18.9,0,53,0,2020
315,Brandon Powell,ATL,WR,25,11,0,0,0,0,0,0,2,7,3.50,0,10,7,44,6.29,2,1,0,2,0,0,17,24.1,24.1,20.6,0,126,0,2020
316,Byron Pringle,KAN,WR,27,10,2,0,0,0,0,0,0,0,0,0,11,9,108,12.00,0,0,0,1,0,0,17,25.8,28.8,21.3,0,127,0,2020
317,Jace Sternberger,GNB,TE,24,11,0,0,0,0,0,0,0,0,0,0,15,12,114,9.50,1,0,0,1,0,0,17,29.4,32.4,23.4,0,52,0,2020
318,Mike Thomas,CIN,WR,26,9,0,0,0,0,0,0,1,1,1.00,0,19,13,132,10.15,1,1,1,1,0,0,17,30.3,34.3,23.8,0,125,0,2020
319,D'Onta Foreman,TEN,RB,24,5,0,0,0,0,0,0,22,95,4.32,0,1,1,5,5.00,1,0,0,1,0,0,16,17.0,17.0,16.5,0,87,0,2020
320,KhaDarel Hodge,CLE,WR,25,7,0,0,0,0,0,0,0,0,0,0,15,9,155,17.22,0,0,0,0,0,0,16,24.5,27.5,20.0,0,133,0,2020
321,Ian Thomas,CAR,TE,24,12,7,0,0,0,0,0,0,0,0,0,20,13,97,7.46,1,1,0,1,0,0,16,28.7,28.7,22.2,0,58,0,2020
322,Adam Trautman ,NOR,TE,23,10,3,0,0,0,0,0,0,0,0,0,9,8,100,12.50,1,0,0,1,0,0,16,24.0,27.0,20.0,0,57,0,2020
323,Isaiah Wright,WAS,WR,23,9,4,0,0,0,0,0,3,16,5.33,0,27,23,168,7.30,0,3,1,0,0,0,16,39.4,43.4,27.9,0,132,0,2020
324,Reggie Bonnafon,CAR,RB,24,2,0,0,0,0,0,0,12,69,5.75,0,2,2,18,9.00,1,0,0,1,0,0,15,16.7,16.7,15.7,0,91,0,2020
325,Corey Clement,PHI,RB,26,9,0,0,0,0,0,0,19,68,3.58,1,5,4,18,4.50,0,0,0,1,0,0,15,18.6,18.6,16.6,0,92,0,2020
326,Tyler Ervin ,GNB,RB,27,7,0,0,0,0,0,0,13,67,5.15,0,15,11,84,7.64,0,0,0,0,0,0,15,26.1,26.1,20.6,0,90,0,2020
327,Garrett Gilbert,DAL,QB,29,1,1,21,38,243,1,1,3,28,9.33,0,0,0,0,0,0,0,0,0,0,0,15,14.5,15.5,15.5,0,45,0,2020
328,Chris Herndon,NYJ,TE,24,11,9,0,0,0,0,0,0,0,0,0,27,16,133,8.31,1,2,2,1,0,0,15,31.3,36.3,23.3,0,60,0,2020
329,D'Ernest Johnson,CLE,RB,24,11,0,0,0,0,0,0,29,142,4.90,0,3,2,9,4.50,0,1,0,0,0,0,15,17.1,20.1,16.1,0,89,0,2020
330,Cole Kmet ,CHI,TE,21,11,5,0,0,0,0,0,0,0,0,0,14,8,94,11.75,1,0,0,1,0,0,15,23.4,23.4,19.4,0,59,0,2020
331,Dawson Knox,BUF,TE,24,7,5,0,0,0,0,0,0,0,0,0,17,9,111,12.33,1,1,1,1,0,0,15,24.1,28.1,19.6,0,61,0,2020
332,Jeff Smith,NYJ,WR,23,8,4,0,0,0,0,0,0,0,0,0,35,16,153,9.56,0,0,0,0,0,0,15,31.3,34.3,23.3,0,134,0,2020
333,Auden Tate,CIN,WR,23,9,2,0,0,0,0,0,0,0,0,0,22,14,150,10.71,0,0,0,0,0,0,15,29.0,32.0,22.0,0,135,0,2020
334,C.J. Uzomah,CIN,TE,27,2,2,0,0,0,0,0,0,0,0,0,11,8,87,10.88,1,0,0,1,0,0,15,22.7,22.7,18.7,0,62,0,2020
335,T.J. Yeldon,BUF,RB,27,3,0,0,0,0,0,0,10,70,7.00,0,4,1,22,22.00,1,1,0,1,0,0,15,16.2,16.2,15.7,0,88,0,2020
336,Christian Blake,ATL,WR,24,11,0,0,0,0,0,0,0,0,0,0,17,12,142,11.83,0,0,0,0,0,0,14,26.2,29.2,20.2,0,136,0,2020
337,Pharaoh Brown,HOU,TE,26,9,6,0,0,0,0,0,0,0,0,0,9,7,75,10.71,1,0,0,1,0,0,14,20.5,20.5,17.0,0,64,0,2020
338,Marquez Callaway,NOR,WR,22,9,1,0,0,0,0,0,0,0,0,0,19,15,136,9.07,0,0,0,0,0,0,14,28.6,31.6,21.1,0,137,0,2020
339,Darrell Daniels,ARI,TE,26,9,6,0,0,0,0,0,0,0,0,0,8,6,83,13.83,1,0,0,1,0,0,14,20.3,20.3,17.3,0,63,0,2020
340,Ray-Ray McCloud,PIT,WR,24,10,1,0,0,0,0,0,4,65,16.25,0,15,14,70,5.00,0,0,0,0,0,0,14,27.5,27.5,20.5,0,138,0,2020
341,Alfred Morris ,NYG,RB,32,4,0,0,0,0,0,0,29,137,4.72,0,1,1,4,4.00,0,0,0,0,0,0,14,15.1,18.1,14.6,0,94,0,2020
342,Gabe Nabers,LAC,RB,23,11,3,0,0,0,0,0,1,4,4.00,0,5,4,20,5.00,2,0,0,2,0,0,14,18.4,18.4,16.4,0,93,0,2020
343,JJ Arcega-Whiteside,PHI,WR,24,7,0,0,0,0,0,0,0,0,0,0,5,2,45,22.50,0,0,0,1,1,0,13,14.5,14.5,13.5,0,142,0,2020
344,Bryan Edwards ,LVR,WR,22,7,3,0,0,0,0,0,0,0,0,0,11,8,131,16.38,0,0,0,0,0,0,13,21.1,24.1,17.1,0,140,0,2020
345,De'Michael Harris,IND,WR,22,5,0,0,0,0,0,0,5,49,9.80,0,10,10,79,7.90,0,0,0,0,0,0,13,22.8,22.8,17.8,0,141,0,2020
346,Ryan Nall,CHI,RB,25,11,0,0,0,0,0,0,1,0,0.00,0,9,8,67,8.38,1,0,0,1,0,0,13,20.7,20.7,16.7,0,95,0,2020
347,Donovan Peoples-Jones,CLE,WR,21,8,1,0,0,0,0,0,0,0,0,0,6,5,72,14.40,1,0,0,1,0,0,13,18.2,18.2,15.7,0,139,0,2020
348,Tarik Cohen,CHI,RB,25,3,0,0,0,0,0,0,14,74,5.29,0,9,6,41,6.83,0,0,0,0,0,0,12,17.5,17.5,14.5,0,97,0,2020
349,Chris Hogan ,NYJ,WR,33,5,4,0,0,0,0,0,0,0,0,0,26,14,118,8.43,0,0,0,0,0,0,12,25.8,28.8,18.8,0,145,0,2020
350,Foster Moreau,LVR,TE,23,11,1,0,0,0,0,0,0,0,0,0,5,4,64,16.00,1,0,0,1,0,0,12,16.4,16.4,14.4,0,65,0,2020
351,Troymaine Pope,LAC,RB,27,6,0,0,0,0,0,0,15,76,5.07,0,10,8,42,5.25,0,0,0,0,0,0,12,19.8,19.8,15.8,0,96,0,2020
352,Mohamed Sanu,2TM,WR,31,5,0,0,0,0,0,0,0,0,0,0,5,5,41,8.20,1,0,0,1,1,0,12,17.1,17.1,14.6,0,143,0,2020
353,Malik Taylor,GNB,WR,25,11,1,0,0,0,0,0,1,9,9.00,0,5,4,52,13.00,1,0,0,1,0,0,12,16.1,16.1,14.1,0,144,0,2020
354,C.J. Beathard,SFO,QB,27,3,0,23,38,232,1,0,0,0,0,0,0,0,0,0,0,1,1,0,0,0,11,11.3,12.3,11.3,0,47,0,2020
355,Alex Collins,SEA,RB,26,2,1,0,0,0,0,0,13,48,3.69,1,2,1,4,4.00,0,0,0,1,0,0,11,12.2,12.2,11.7,0,100,0,2020
356,AJ Dillon,GNB,RB,22,7,0,0,0,0,0,0,23,97,4.22,0,1,1,16,16.00,0,0,0,0,0,0,11,12.3,12.3,11.8,0,99,0,2020
357,Virgil Green,LAC,TE,32,6,3,0,0,0,0,0,0,0,0,0,6,3,50,16.67,1,0,0,1,0,0,11,14.0,14.0,12.5,0,66,0,2020
358,Josh Hill,NOR,TE,30,10,6,0,0,0,0,0,0,0,0,0,9,7,45,6.43,1,1,0,1,0,0,11,17.5,17.5,14.0,0,67,0,2020
359,Brett Rypien,DEN,QB,24,3,1,27,40,295,2,4,5,-5,-1.00,0,0,0,0,0,0,1,0,0,0,0,11,11.3,15.3,15.3,0,46,0,2020
360,Ke'Shawn Vaughn ,TAM,RB,23,6,0,0,0,0,0,0,8,46,5.75,0,7,4,27,6.75,1,1,1,1,0,0,11,15.3,16.3,13.3,0,98,0,2020
361,Phillip Walker,CAR,QB,25,3,1,27,42,273,1,2,5,-2,-0.40,0,1,0,0,0,0,1,0,0,0,0,11,10.7,12.7,12.7,0,48,0,2020
362,Noah Brown,DAL,WR,24,11,1,0,0,0,0,0,0,0,0,0,13,10,101,10.10,0,0,0,0,0,0,10,20.1,23.1,15.1,0,146,0,2020
363,Keke Coutee,HOU,WR,23,3,0,0,0,0,0,0,0,0,0,0,9,6,38,6.33,1,1,1,1,1,0,10,15.8,16.8,12.8,0,148,0,2020
364,Mack Hollins,MIA,WR,27,11,0,0,0,0,0,0,0,0,0,0,7,5,40,8.00,1,0,0,1,0,0,10,15.0,15.0,12.5,0,147,0,2020
365,Anthony McFarland Jr.,PIT,RB,21,7,0,0,0,0,0,0,20,67,3.35,0,6,4,28,7.00,0,0,0,0,0,0,10,13.5,13.5,11.5,0,101,0,2020
366,Maxx Williams,ARI,TE,26,5,4,0,0,0,0,0,0,0,0,0,7,5,43,8.60,1,0,0,1,0,0,10,15.3,15.3,12.8,0,68,0,2020
367,Javon Wims,CHI,WR,26,8,1,0,0,0,0,0,0,0,0,0,8,5,35,7.00,1,0,0,1,0,0,10,14.5,14.5,12.0,0,149,0,2020
368,Ameer Abdullah,MIN,RB,27,11,0,0,0,0,0,0,2,7,3.50,0,2,2,23,11.50,1,0,0,1,0,0,9,11.0,11.0,10.0,0,104,0,2020
369,Saquon Barkley,NYG,RB,23,2,2,0,0,0,0,0,19,34,1.79,0,9,6,60,10.00,0,0,0,0,0,0,9,15.4,15.4,12.4,0,102,0,2020
370,Cameron Batson,TEN,WR,25,7,1,0,0,0,0,0,3,20,6.67,0,8,8,74,9.25,0,0,0,0,0,0,9,17.4,17.4,13.4,0,150,0,2020
371,C.J. Board,NYG,WR,27,9,4,0,0,0,0,0,1,3,3.00,0,13,9,87,9.67,0,0,0,0,0,0,9,18.0,18.0,13.5,0,152,0,2020
372,Parris Campbell,IND,WR,23,2,2,0,0,0,0,0,2,16,8.00,0,9,6,71,11.83,0,0,0,0,0,0,9,14.7,14.7,11.7,0,154,0,2020
373,Jakob Johnson,NWE,RB,26,11,8,0,0,0,0,0,0,0,0,0,7,7,34,4.86,1,1,0,1,0,0,9,16.4,16.4,12.9,0,103,0,2020
374,Joe Reed,LAC,WR,22,9,0,0,0,0,0,0,5,29,5.80,1,1,0,0,0,0,0,0,1,0,0,9,8.9,8.9,8.9,0,153,0,2020
375,Kaden Smith,NYG,TE,23,10,9,0,0,0,0,0,0,0,0,0,17,14,87,6.21,0,1,0,0,0,0,9,22.7,22.7,15.7,0,69,0,2020
376,Trent Taylor,SFO,WR,26,11,1,0,0,0,0,0,0,0,0,0,21,10,86,8.60,0,0,0,0,0,0,9,18.6,18.6,13.6,0,155,0,2020
377,Tyrod Taylor ,LAC,QB,31,2,1,16,30,208,0,0,6,7,1.17,0,0,0,0,0,0,0,0,0,0,0,9,9.0,9.0,9.0,0,49,0,2020
378,Justin Watson,TAM,WR,24,9,2,0,0,0,0,0,0,0,0,0,11,7,94,13.43,0,0,0,0,0,0,9,16.4,16.4,12.9,0,151,0,2020
379,Josh Adams,NYJ,RB,24,3,0,0,0,0,0,0,4,9,2.25,1,2,2,14,7.00,0,0,0,1,0,0,8,10.3,10.3,9.3,0,107,0,2020
380,Blake Bell,DAL,TE,29,11,2,0,0,0,0,0,0,0,0,0,11,7,80,11.43,0,0,0,0,0,0,8,15.0,15.0,11.5,0,70,0,2020
381,Tevin Coleman,SFO,RB,27,3,1,0,0,0,0,0,21,50,2.38,0,4,3,34,11.33,0,0,0,0,0,0,8,11.4,11.4,9.9,0,105,0,2020
382,Reggie Gilliam,BUF,TE,23,11,0,0,0,0,0,0,0,0,0,0,2,2,16,8.00,1,0,0,1,0,0,8,9.6,9.6,8.6,0,72,0,2020
383,Ty Johnson,2TM,RB,23,8,0,0,0,0,0,0,8,60,7.50,0,11,6,24,4.00,0,0,0,0,0,0,8,14.4,14.4,11.4,0,106,0,2020
384,Austin Mack,NYG,WR,23,6,0,0,0,0,0,0,0,0,0,0,7,6,82,13.67,0,0,0,0,0,0,8,14.2,14.2,11.2,0,156,0,2020
385,MyCole Pruitt,TEN,TE,28,6,3,0,0,0,0,0,0,0,0,0,4,3,17,5.67,1,0,0,1,0,0,8,10.7,10.7,9.2,0,71,0,2020
386,Equanimeous St. Brown,GNB,WR,24,7,1,0,0,0,0,0,1,7,7.00,0,8,4,74,18.50,0,0,0,0,0,0,8,12.1,12.1,10.1,0,157,0,2020
387,Ben DiNucci,DAL,QB,24,3,1,23,43,219,0,0,6,22,3.67,0,0,0,0,0,0,4,2,0,0,0,7,7.0,9.0,7.0,0,52,0,2020
388,Chad Henne,KAN,QB,35,2,0,5,6,30,0,0,5,-2,-0.40,1,0,0,0,0,0,1,0,1,0,0,7,7.0,7.0,7.0,0,50,0,2020
389,Jalen Hurts ,PHI,QB,22,9,0,2,2,27,0,0,12,56,4.67,0,1,1,3,3.00,0,3,0,0,0,0,7,8.0,8.0,7.5,0,51,0,2020
390,C.J. Prosise,HOU,RB,26,9,0,0,0,0,0,0,9,17,1.89,0,4,4,8,2.00,1,1,1,1,0,0,7,10.5,11.5,8.5,0,111,0,2020
391,Anthony Sherman,KAN,RB,32,8,0,0,0,0,0,0,2,2,1.00,0,1,1,5,5.00,1,0,0,1,0,0,7,7.7,7.7,7.2,0,110,0,2020
392,Courtland Sutton ,DEN,WR,25,1,1,0,0,0,0,0,0,0,0,0,6,3,66,22.00,0,0,0,0,0,0,7,9.6,9.6,8.1,0,158,0,2020
393,J.J. Taylor,NWE,RB,22,3,0,0,0,0,0,0,16,70,4.38,0,2,1,4,4.00,0,0,0,0,0,0,7,8.4,8.4,7.9,0,108,0,2020
394,Colin Thompson,CAR,TE,27,11,2,0,0,0,0,0,0,0,0,0,2,1,7,7.00,1,0,0,1,0,0,7,7.7,7.7,7.2,0,74,0,2020
395,Nick Vannett,DEN,TE,27,10,7,0,0,0,0,0,0,0,0,0,14,8,68,8.50,0,0,0,0,0,0,7,14.8,14.8,10.8,0,73,0,2020
396,DeAndre Washington,2TM,RB,27,3,0,0,0,0,0,0,18,56,3.11,0,6,3,13,4.33,0,0,0,0,0,0,7,9.9,9.9,8.4,0,109,0,2020
397,Jamal Agnew,DET,WR,25,9,1,0,1,0,0,0,3,15,5.00,0,16,9,48,5.33,0,1,0,0,0,0,6,15.3,15.3,10.8,0,160,0,2020
398,Brandon Allen,CIN,QB,28,1,1,17,29,136,1,1,4,7,1.75,0,0,0,0,0,0,1,1,0,0,0,6,6.1,8.1,7.1,0,54,0,2020
399,Jason Croom,PHI,TE,26,4,0,0,0,0,0,0,0,0,0,0,1,1,3,3.00,1,0,0,1,0,0,6,7.3,7.3,6.8,0,76,0,2020
400,Chase Daniel,DET,QB,34,1,0,8,13,94,1,1,1,5,5.00,0,0,0,0,0,0,0,0,0,0,0,6,6.3,7.3,7.3,0,53,0,2020
401,Ashton Dulin,IND,WR,23,8,0,0,0,0,0,0,1,3,3.00,0,4,3,53,17.67,0,1,0,0,0,0,6,8.6,8.6,7.1,0,163,0,2020
402,Ryan Griffin,NYJ,TE,30,11,4,0,0,0,0,0,0,0,0,0,10,7,55,7.86,0,0,0,0,0,0,6,12.5,12.5,9.0,0,78,0,2020
403,Marlon Mack,IND,RB,24,1,1,0,0,0,0,0,4,26,6.50,0,3,3,30,10.00,0,0,0,0,0,0,6,8.6,8.6,7.1,0,116,0,2020
404,LeSean McCoy,TAM,RB,32,7,0,0,0,0,0,0,6,-1,-0.17,0,14,10,61,6.10,0,0,0,0,0,0,6,16.0,16.0,11.0,0,115,0,2020
405,Vance McDonald,PIT,TE,30,8,6,0,0,0,0,0,0,0,0,0,11,9,61,6.78,0,0,0,0,0,0,6,15.1,15.1,10.6,0,77,0,2020
406,Jaydon Mickens,TAM,WR,26,9,0,0,0,0,0,0,0,0,0,0,10,7,58,8.29,0,0,0,0,0,0,6,12.8,12.8,9.3,0,162,0,2020
407,Malcolm Perry,MIA,RB,23,5,2,0,0,0,0,0,2,1,0.50,0,10,7,62,8.86,0,0,0,0,0,0,6,13.3,13.3,9.8,0,112,0,2020
408,Damion Ratley,NYG,WR,25,5,0,0,0,0,0,0,0,0,0,0,10,4,63,15.75,0,1,0,0,0,0,6,10.3,10.3,8.3,0,161,0,2020
409,Patrick Ricard,BAL,RB,26,10,5,0,0,0,0,0,1,-1,-1.00,0,7,5,24,4.80,1,1,1,1,0,0,6,11.3,12.3,8.8,0,113,0,2020
410,Lee Smith,BUF,WR,33,5,0,0,0,0,0,0,0,0,0,0,2,2,4,2.00,1,0,0,1,0,0,6,8.4,8.4,7.4,0,159,0,2020
411,Rodney Smith,CAR,RB,24,3,0,0,0,0,0,0,18,60,3.33,0,2,1,2,2.00,0,1,0,0,0,0,6,7.2,7.2,6.7,0,114,0,2020
412,Jordan Thomas,2TM,TE,24,6,0,0,0,0,0,0,0,0,0,0,2,1,3,3.00,1,0,0,1,0,0,6,7.3,7.3,6.8,0,75,0,2020
413,Trenton Cannon,CAR,RB,26,10,0,0,0,0,0,0,9,35,3.89,0,3,3,16,5.33,0,0,0,0,0,0,5,8.1,8.1,6.6,0,117,0,2020
414,Demetrius Harris,CHI,TE,29,11,5,0,0,0,0,0,0,0,0,0,14,7,45,6.43,0,0,0,0,0,0,5,11.5,11.5,8.0,0,82,0,2020
415,Dontrell Hilliard,CLE,RB,25,5,0,0,0,0,0,0,9,48,5.33,0,1,1,2,2.00,0,0,0,0,0,0,5,6.0,6.0,5.5,0,118,0,2020
416,Chris Manhertz,CAR,TE,28,12,8,0,0,0,0,0,0,0,0,0,8,6,52,8.67,0,0,0,0,0,0,5,11.2,11.2,8.2,0,80,0,2020
417,Johnny Mundt,LAR,TE,26,11,1,0,0,0,0,0,0,0,0,0,4,4,53,13.25,0,0,0,0,0,0,5,9.3,9.3,7.3,0,79,0,2020
418,Geoff Swaim,TEN,TE,27,6,4,0,0,0,0,0,0,0,0,0,8,6,49,8.17,0,0,0,0,0,0,5,10.9,10.9,7.9,0,81,0,2020
419,Isaiah Zuber,NWE,WR,23,4,0,0,0,0,0,0,2,21,10.50,0,2,2,29,14.50,0,0,0,0,0,0,5,7.0,7.0,6.0,0,164,0,2020
420,Khari Blasingame,TEN,RB,24,10,6,0,0,0,0,0,0,0,0,0,5,4,39,9.75,0,0,0,0,0,0,4,7.9,7.9,5.9,0,120,0,2020
421,Lawrence Cager,NYJ,WR,23,2,1,0,0,0,0,0,0,0,0,0,6,2,35,17.50,0,0,0,0,0,0,4,5.5,5.5,4.5,0,168,0,2020
422,Ted Ginn Jr.,CHI,WR,35,6,0,0,0,0,0,0,0,0,0,0,6,3,40,13.33,0,1,0,0,0,0,4,7.0,7.0,5.5,0,165,0,2020
423,C.J. Ham,MIN,RB,27,11,7,0,0,0,0,0,4,18,4.50,0,6,2,19,9.50,0,0,0,0,0,0,4,5.7,5.7,4.7,0,121,0,2020
424,KeeSean Johnson,ARI,WR,24,3,0,0,0,0,0,0,0,0,0,0,9,4,36,9.00,0,0,0,0,0,0,4,7.6,7.6,5.6,0,167,0,2020
425,Patrick Laird,MIA,RB,25,11,0,0,0,0,0,0,4,27,6.75,0,6,5,36,7.20,0,1,1,0,0,0,4,9.3,10.3,6.8,0,119,0,2020
426,Riley Ridley,CHI,WR,24,3,1,0,0,0,0,0,0,0,0,0,4,4,39,9.75,0,0,0,0,0,0,4,7.9,7.9,5.9,0,166,0,2020
427,Jarrett Stidham,NWE,QB,24,2,0,11,23,124,1,3,4,6,1.50,0,0,0,0,0,0,0,0,0,0,0,4,3.6,6.6,6.6,0,55,0,2020
428,Dez Bryant,BAL,WR,32,2,0,0,0,0,0,0,0,0,0,0,5,4,28,7.00,0,0,0,0,0,0,3,6.8,6.8,4.8,0,173,0,2020
429,Stephen Carlson,CLE,TE,24,11,2,0,0,0,0,0,0,0,0,0,2,1,11,11.00,0,0,0,0,1,0,3,4.1,4.1,3.6,0,84,0,2020
430,Cethan Carter ,CIN,TE,25,10,2,0,0,0,0,0,0,0,0,0,5,4,32,8.00,0,0,0,0,0,0,3,7.2,7.2,5.2,0,83,0,2020
431,Ben Ellefson,JAX,TE,24,7,4,0,0,0,0,0,0,0,0,0,4,1,10,10.00,0,0,0,0,1,0,3,4.0,4.0,3.5,0,85,0,2020
432,Antonio Gandy-Golden,WAS,WR,22,5,2,0,0,0,0,0,1,22,22.00,0,4,1,3,3.00,0,0,0,0,0,0,3,3.5,3.5,3.0,0,176,0,2020
433,Nick Keizer,KAN,TE,25,11,2,0,0,0,0,0,0,0,0,0,8,5,48,9.60,0,1,1,0,0,0,3,7.8,8.8,5.3,0,86,0,2020
434,Josh Malone,NYJ,WR,24,4,0,0,0,0,0,0,1,12,12.00,0,6,4,16,4.00,0,0,0,0,0,0,3,6.8,6.8,4.8,0,174,0,2020
435,Gunner Olszewski,NWE,WR,24,8,2,0,0,0,0,0,5,23,4.60,0,2,2,10,5.00,0,1,0,0,0,0,3,5.3,5.3,4.3,0,170,0,2020
436,Seth Roberts ,CAR,WR,29,7,1,0,0,0,0,0,0,0,0,0,6,4,31,7.75,0,0,0,0,0,0,3,7.1,7.1,5.1,0,172,0,2020
437,Bo Scarbrough,SEA,RB,26,1,0,0,0,0,0,0,6,31,5.17,0,0,0,0,0,0,0,0,0,0,0,3,3.1,3.1,3.1,0,124,0,2020
438,Darrius Shepherd,GNB,WR,25,8,0,0,0,0,0,0,0,0,0,0,8,5,46,9.20,0,1,1,0,0,0,3,7.6,8.6,5.1,0,175,0,2020
439,Darwin Thompson,KAN,RB,23,10,0,0,0,0,0,0,13,52,4.00,0,4,0,0,0,0,1,1,0,0,0,3,3.2,4.2,3.2,0,123,0,2020
440,Austin Walter,SFO,RB,24,3,0,0,0,0,0,0,1,3,3.00,0,1,1,27,27.00,0,0,0,0,0,0,3,4.0,4.0,3.5,0,125,0,2020
441,Nick Westbrook-Ikhine,TEN,WR,23,10,1,0,0,0,0,0,0,0,0,0,5,2,14,7.00,0,0,0,0,1,0,3,5.4,5.4,4.4,0,169,0,2020
442,Trayveon Williams,CIN,RB,23,5,0,0,0,0,0,0,6,20,3.33,0,1,1,13,13.00,0,0,0,0,0,0,3,4.3,4.3,3.8,0,122,0,2020
443,Jameis Winston,NOR,QB,26,3,0,7,11,75,0,0,7,-5,-0.71,0,0,0,0,0,0,0,0,0,0,0,3,2.5,2.5,2.5,0,56,0,2020
444,Brandon Zylstra,CAR,WR,27,12,0,0,0,0,0,0,0,0,0,0,2,2,32,16.00,0,0,0,0,0,0,3,5.2,5.2,4.2,0,171,0,2020
445,Alex Armah,CAR,RB,26,12,1,0,0,0,0,0,5,6,1.20,0,6,3,9,3.00,0,0,0,0,0,0,2,4.5,4.5,3.0,0,134,0,2020
446,Mike Boone,MIN,RB,25,11,0,0,0,0,0,0,3,18,6.00,0,1,1,6,6.00,0,0,0,0,0,0,2,3.4,3.4,2.9,0,126,0,2020
447,Deontay Burnett,PHI,WR,23,2,0,0,0,0,0,0,0,0,0,0,4,3,19,6.33,0,0,0,0,0,0,2,4.9,4.9,3.4,0,179,0,2020
448,Michael Burton,NOR,RB,28,11,4,0,0,0,0,0,5,8,1.60,0,2,2,15,7.50,0,0,0,0,0,0,2,4.3,4.3,3.3,0,127,0,2020
449,Antonio Callaway,MIA,WR,23,2,1,0,0,0,0,0,0,0,0,0,2,2,20,10.00,0,0,0,0,0,0,2,4.0,4.0,3.0,0,178,0,2020
450,Austin Carr,NOR,WR,27,4,0,0,0,0,0,0,0,0,0,0,2,2,16,8.00,0,0,0,0,0,0,2,3.6,3.6,2.6,0,181,0,2020
451,Tyler Conklin,MIN,TE,25,11,0,0,0,0,0,0,0,0,0,0,4,3,16,5.33,0,0,0,0,0,0,2,4.6,4.6,3.1,0,91,0,2020
452,Darrynton Evans ,TEN,RB,22,2,0,0,0,0,0,0,5,21,4.20,0,0,0,0,0,0,0,0,0,0,0,2,2.1,2.1,2.1,0,129,0,2020
453,Daurice Fountain,IND,WR,25,5,0,0,0,0,0,0,0,0,0,0,3,2,23,11.50,0,0,0,0,0,0,2,4.3,4.3,3.3,0,177,0,2020
454,Jaeden Graham,ATL,TE,25,11,0,0,0,0,0,0,0,0,0,0,3,2,18,9.00,0,0,0,0,0,0,2,3.8,3.8,2.8,0,90,0,2020
455,Brian Hoyer ,NWE,QB,35,1,1,15,24,130,0,1,1,8,8.00,0,0,0,0,0,0,1,1,0,0,0,2,2.0,4.0,3.0,0,57,0,2020
456,Tanner Hudson,TAM,TE,26,9,0,0,0,0,0,0,0,0,0,0,6,2,21,10.50,0,0,0,0,0,0,2,4.1,4.1,3.1,0,88,0,2020
457,Andy Janovich,CLE,RB,27,9,3,0,0,0,0,0,2,4,2.00,0,3,2,13,6.50,0,0,0,0,0,0,2,3.7,3.7,2.7,0,131,0,2020
458,Case Keenum,CLE,QB,32,1,0,5,10,46,0,0,0,0,0,0,0,0,0,0,0,0,0,0,0,0,2,1.8,1.8,1.8,0,60,0,2020
459,Colt McCoy,NYG,QB,34,1,0,6,10,31,0,0,5,7,1.40,0,0,0,0,0,0,0,0,0,0,0,2,1.9,1.9,1.9,0,58,0,2020
460,Donte Moncrief,NWE,WR,27,2,0,0,0,0,0,0,0,0,0,0,2,1,15,15.00,0,0,0,0,0,0,2,2.5,2.5,2.0,0,183,0,2020
461,Ty Montgomery,NOR,RB,27,4,0,0,0,0,0,0,1,-4,-4.00,0,3,2,25,12.50,0,0,0,0,0,0,2,4.1,4.1,3.1,0,128,0,2020
462,Elijhaa Penny,NYG,RB,27,11,0,0,0,0,0,0,3,5,1.67,0,2,1,11,11.00,0,0,0,0,0,0,2,2.6,2.6,2.1,0,132,0,2020
463,Nathan Peterman ,LVR,QB,26,1,0,3,5,25,0,0,1,9,9.00,0,0,0,0,0,0,0,0,0,0,0,2,1.9,1.9,1.9,0,59,0,2020
464,John Ross ,CIN,WR,25,3,1,0,0,0,0,0,0,0,0,0,7,2,17,8.50,0,0,0,0,0,0,2,3.7,3.7,2.7,0,180,0,2020
465,Keith Smith,ATL,RB,28,11,4,0,0,0,0,0,3,4,1.33,0,8,5,15,3.00,0,0,0,0,0,0,2,6.9,6.9,4.4,0,130,0,2020
466,Diontae Spencer,DEN,WR,28,7,0,0,0,0,0,0,1,9,9.00,0,2,1,7,7.00,0,0,0,0,0,0,2,2.6,2.6,2.1,0,182,0,2020
467,Luke Stocker,ATL,TE,32,11,8,0,0,0,0,0,0,0,0,0,6,3,20,6.67,0,0,0,0,0,0,2,5.0,5.0,3.5,0,89,0,2020
468,Levine Toilolo,NYG,TE,29,11,2,0,0,0,0,0,0,0,0,0,4,3,22,7.33,0,0,0,0,0,0,2,5.2,5.2,3.7,0,87,0,2020
469,Dwayne Washington,NOR,RB,26,7,0,0,0,0,0,0,8,15,1.88,0,0,0,0,0,0,0,0,0,0,0,2,1.5,1.5,1.5,0,133,0,2020
470,Matt Barkley,BUF,QB,30,2,0,3,5,22,0,0,0,0,0,0,0,0,0,0,0,0,0,0,0,0,1,0.9,0.9,0.9,0,62,0,2020
471,Nick Bellore,SEA,RB,31,10,0,0,0,0,0,0,1,5,5.00,0,1,1,9,9.00,0,0,0,0,0,0,1,2.4,2.4,1.9,0,135,0,2020
472,Lynn Bowden Jr.,MIA,RB,23,5,1,0,0,0,0,0,4,9,2.25,0,2,1,-1,-1.00,0,0,0,0,0,0,1,1.8,1.8,1.3,0,145,0,2020
473,Tyler Bray,CHI,QB,29,1,0,1,5,18,0,0,0,0,0,0,0,0,0,0,0,0,0,0,0,0,1,0.7,0.7,0.7,0,63,0,2020
474,Jake Butt,DEN,TE,25,5,1,0,0,0,0,0,0,0,0,0,4,2,5,2.50,0,0,0,0,0,0,1,2.5,2.5,1.5,0,102,0,2020
475,Derek Carrier,LVR,TE,30,11,0,0,0,0,0,0,0,0,0,0,1,1,14,14.00,0,0,0,0,0,0,1,2.4,2.4,1.9,0,92,0,2020
476,Tyrie Cleveland,DEN,WR,23,8,0,0,0,0,0,0,0,0,0,0,3,1,7,7.00,0,0,0,0,0,0,1,1.7,1.7,1.2,0,192,0,2020
477,Pharoh Cooper,CAR,WR,25,12,0,0,0,0,0,0,0,0,0,0,1,1,12,12.00,0,1,0,0,0,0,1,2.2,2.2,1.7,0,188,0,2020
478,Chandler Cox,MIA,RB,24,7,3,0,0,0,0,0,0,0,0,0,2,2,9,4.50,0,0,0,0,0,0,1,2.9,2.9,1.9,0,142,0,2020
479,River Cracraft,SFO,WR,26,4,1,0,0,0,0,0,0,0,0,0,5,2,13,6.50,0,0,0,0,0,0,1,3.3,3.3,2.3,0,185,0,2020
480,Josiah Deguara ,GNB,TE,23,2,1,0,0,0,0,0,0,0,0,0,2,1,12,12.00,0,0,0,0,0,0,1,2.2,2.2,1.7,0,94,0,2020
481,Brandon Dillon,MIN,TE,23,2,0,0,0,0,0,0,0,0,0,0,1,1,6,6.00,0,0,0,0,0,0,1,1.6,1.6,1.1,0,99,0,2020
482,Rico Dowdle,DAL,RB,22,10,0,0,0,0,0,0,3,13,4.33,0,0,0,0,0,0,0,0,0,0,0,1,1.3,1.3,1.3,0,139,0,2020
483,Ryan Finley,CIN,QB,26,2,0,3,10,30,0,1,1,19,19.00,0,0,0,0,0,0,0,0,0,0,0,1,1.1,2.1,2.1,0,61,0,2020
484,D.J. Foster ,ARI,RB,27,6,0,0,0,0,0,0,1,2,2.00,0,1,1,7,7.00,0,0,0,0,0,0,1,1.9,1.9,1.4,0,140,0,2020
485,Bennie Fowler,NOR,WR,29,5,0,0,0,0,0,0,0,0,0,0,6,2,11,5.50,0,0,0,0,0,0,1,3.1,3.1,2.1,0,191,0,2020
486,Troy Fumagalli,DEN,TE,25,3,0,0,0,0,0,0,0,0,0,0,5,2,12,6.00,0,0,0,0,0,0,1,3.2,3.2,2.2,0,95,0,2020
487,Cullen Gillaspia,HOU,RB,25,7,0,0,0,0,0,0,0,0,0,0,1,1,6,6.00,0,0,0,0,0,0,1,1.6,1.6,1.1,0,147,0,2020
488,Temarrick Hemingway,WAS,TE,27,7,0,0,0,0,0,0,0,0,0,0,2,1,10,10.00,0,0,0,0,0,0,1,2.0,2.0,1.5,0,97,0,2020
489,Cody Hollister ,TEN,WR,27,2,0,0,0,0,0,0,0,0,0,0,1,1,12,12.00,0,0,0,0,0,0,1,2.2,2.2,1.7,0,189,0,2020
490,Jason Huntley,PHI,RB,22,4,0,0,0,0,0,0,3,14,4.67,0,1,0,0,0,0,0,0,0,0,0,1,1.4,1.4,1.4,0,136,0,2020
491,Blake Jarwin,DAL,TE,26,1,1,0,0,0,0,0,0,0,0,0,1,1,12,12.00,0,0,0,0,0,0,1,2.2,2.2,1.7,0,96,0,2020
492,Juwan Johnson,NOR,WR,24,2,2,0,0,0,0,0,0,0,0,0,3,1,5,5.00,0,0,0,0,0,0,1,1.5,1.5,1.0,0,195,0,2020
493,Dalton Keene ,NWE,TE,21,1,0,0,0,0,0,0,0,0,0,0,1,1,8,8.00,0,0,0,0,0,0,1,1.8,1.8,1.3,0,98,0,2020
494,Marcus Kemp,KAN,WR,25,8,0,0,0,0,0,0,0,0,0,0,1,1,11,11.00,0,0,0,0,0,0,1,2.1,2.1,1.6,0,190,0,2020
495,Keith Kirkwood,CAR,WR,26,1,0,0,0,0,0,0,0,0,0,0,2,1,13,13.00,0,0,0,0,0,0,1,2.3,2.3,1.8,0,187,0,2020
496,Tommylee Lewis,NOR,WR,28,1,0,0,0,0,0,0,0,0,0,0,1,1,5,5.00,0,0,0,0,0,0,1,1.5,1.5,1.0,0,194,0,2020
497,John Lovett,GNB,QB,24,8,0,0,0,0,0,0,3,6,2.00,0,0,0,0,0,0,0,0,0,0,0,1,0.6,0.6,0.6,0,64,0,2020
498,Lamar Miller,CHI,RB,29,1,0,0,0,0,0,0,0,0,0,0,2,2,6,3.00,0,0,0,0,0,0,1,2.6,2.6,1.6,0,148,0,2020
499,Dare Ogunbowale,JAX,RB,26,9,0,0,0,0,0,0,0,0,0,0,4,1,5,5.00,0,0,0,0,0,0,1,1.5,1.5,1.0,0,150,0,2020
500,Devine Ozigbo,JAX,RB,24,3,0,0,0,0,0,0,0,0,0,0,3,3,5,1.67,0,0,0,0,0,0,1,3.5,3.5,2.0,0,149,0,2020
501,Senorise Perry ,TEN,RB,29,4,0,0,0,0,0,0,2,9,4.50,0,0,0,0,0,0,0,0,0,0,0,1,0.9,0.9,0.9,0,143,0,2020
502,Artavis Pierce,CHI,RB,24,3,0,0,0,0,0,0,3,9,3.00,0,0,0,0,0,0,0,0,0,0,0,1,0.9,0.9,0.9,0,141,0,2020
503,James Proche,BAL,WR,24,10,0,0,0,0,0,0,0,0,0,0,2,1,14,14.00,0,0,0,0,0,0,1,2.4,2.4,1.9,0,184,0,2020
504,Theo Riddick,LVR,RB,29,1,0,0,0,0,0,0,2,13,6.50,0,0,0,0,0,0,0,0,0,0,0,1,1.3,1.3,1.3,0,138,0,2020
505,Jaylen Samuels,PIT,RB,24,9,0,0,0,0,0,0,3,8,2.67,0,5,2,5,2.50,0,0,0,0,0,0,1,3.3,3.3,2.3,0,137,0,2020
506,Trent Sherfield,ARI,WR,24,10,0,0,0,0,0,0,0,0,0,0,1,1,6,6.00,0,0,0,0,0,0,1,1.6,1.6,1.1,0,193,0,2020
507,Vyncint Smith,NYJ,WR,24,5,0,0,0,0,0,0,0,0,0,0,1,1,13,13.00,0,0,0,0,0,0,1,2.3,2.3,1.8,0,186,0,2020
508,Jeremy Sprinkle,WAS,TE,26,11,5,0,0,0,0,0,0,0,0,0,2,1,6,6.00,0,0,0,0,0,0,1,1.6,1.6,1.1,0,100,0,2020
509,Trevon Wesco,NYJ,TE,25,8,2,0,0,0,0,0,1,0,0.00,0,2,1,5,5.00,0,0,0,0,0,0,1,1.5,1.5,1.0,0,101,0,2020
510,Dexter Williams,GNB,RB,23,2,0,0,0,0,0,0,2,8,4.00,0,0,0,0,0,0,0,0,0,0,0,1,0.8,0.8,0.8,0,144,0,2020
511,Jonathan Williams,DET,RB,26,4,0,0,0,0,0,0,1,5,5.00,0,4,4,21,5.25,0,1,1,0,0,0,1,4.6,5.6,2.6,0,146,0,2020
512,Deon Yelder,KAN,TE,25,9,0,0,0,0,0,0,0,0,0,0,3,3,12,4.00,0,0,0,0,0,0,1,4.2,4.2,2.7,0,93,0,2020
513,Stephen Anderson,LAC,0,27,11,1,0,0,0,0,0,0,0,0,0,0,0,0,0,0,0,0,0,0,0,0,0,0,0,0,111,0,2020
514,Antony Auclair ,TAM,0,27,6,1,0,0,0,0,0,0,0,0,0,0,0,0,0,0,0,0,0,0,0,0,0,0,0,0,115,0,2020
515,Jeff Badet,WAS,0,26,3,0,0,0,0,0,0,0,0,0,0,1,0,0,0,0,0,0,0,0,0,0,0,0,0,0,226,0,2020
516,Kenjon Barner,TAM,0,31,3,0,0,0,0,0,0,0,0,0,0,1,0,0,0,0,0,0,0,0,0,0,0,0,0,0,157,0,2020
517,Marcus Baugh,WAS,TE,26,4,1,0,0,0,0,0,0,0,0,0,1,1,2,2.00,0,0,0,0,0,0,0,1.2,1.2,0.7,0,105,0,2020
518,Evan Baylis,ARI,0,27,5,1,0,0,0,0,0,0,0,0,0,0,0,0,0,0,0,0,0,0,0,0,0,0,0,0,106,0,2020
519,Andrew Beck,DEN,0,24,5,0,0,0,0,0,0,0,0,0,0,0,0,0,0,0,0,0,0,0,0,0,0,0,0,0,119,0,2020
520,Tony Brooks-James,ATL,RB,26,1,0,0,0,0,0,0,3,4,1.33,0,0,0,0,0,0,0,0,0,0,0,0,0.4,0.4,0.4,0,151,0,2020
521,Daniel Brown,NYJ,0,28,11,0,0,0,0,0,0,0,0,0,0,0,0,0,0,0,0,0,0,0,0,0,0,0,0,0,107,0,2020
522,Fred Brown,DEN,0,27,1,0,0,0,0,0,0,0,0,0,0,0,0,0,0,0,0,0,0,0,0,0,0,0,0,0,222,0,2020
523,Deante Burton,DAL,0,26,2,0,0,0,0,0,0,0,0,0,0,0,0,0,0,0,0,0,0,0,0,0,0,0,0,0,219,0,2020
524,Hakeem Butler,PHI,0,24,2,0,0,0,0,0,0,0,0,0,0,1,0,0,0,0,0,0,0,0,0,0,0,0,0,0,199,0,2020
525,Deon Cain,PIT,0,24,1,0,0,0,0,0,0,0,0,0,0,0,0,0,0,0,0,0,0,0,0,0,0,0,0,0,220,0,2020
526,Gehrig Dieter ,KAN,0,27,2,0,0,0,0,0,0,0,0,0,0,0,0,0,0,0,0,0,0,0,0,0,0,0,0,0,204,0,2020
527,Keelan Doss,LVR,0,24,1,0,0,0,0,0,0,0,0,0,0,0,0,0,0,0,0,0,0,0,0,0,0,0,0,0,228,0,2020
528,Trey Edmunds,PIT,0,26,4,0,0,0,0,0,0,0,0,0,0,0,0,0,0,0,0,0,0,0,0,0,0,0,0,0,158,0,2020
529,Alex Erickson ,CIN,WR,28,11,0,0,0,0,0,0,3,5,1.67,0,3,2,17,8.50,0,1,1,0,0,0,0,2.2,3.2,1.2,0,198,0,2020
530,Robert Foster,WAS,0,26,1,0,0,0,0,0,0,0,0,0,0,0,0,0,0,0,0,0,0,0,0,0,0,0,0,0,207,0,2020
531,Blaine Gabbert,TAM,QB,31,3,0,0,1,0,0,0,7,1,0.14,0,0,0,0,0,0,0,0,0,0,0,0,0.1,0.1,0.1,0,66,0,2020
532,Rico Gafford,LVR,0,24,3,0,0,0,0,0,0,0,0,0,0,2,0,0,0,0,0,0,0,0,0,0,0,0,0,0,203,0,2020
533,Zach Gentry,PIT,0,24,2,1,0,0,0,0,0,0,0,0,0,0,0,0,0,0,0,0,0,0,0,0,0,0,0,0,116,0,2020
534,Terry Godwin,JAX,0,24,2,0,0,0,0,0,0,0,0,0,0,2,0,0,0,0,0,0,0,0,0,0,0,0,0,0,200,0,2020
535,C.J. Goodwin,DAL,0,30,11,0,0,0,0,0,0,0,0,0,0,1,0,0,0,0,0,0,0,0,0,0,0,0,0,0,217,0,2020
536,Cyril Grayson,TAM,0,27,3,0,0,0,0,0,0,0,0,0,0,3,0,0,0,0,0,0,0,0,0,0,0,0,0,0,229,0,2020
537,Garrett Griffin,NOR,0,26,3,2,0,0,0,0,0,0,0,0,0,0,0,0,0,0,0,0,0,0,0,0,0,0,0,0,117,0,2020
538,Justin Hardee,NOR,0,26,6,0,0,0,0,0,0,0,0,0,0,0,0,0,0,0,0,0,0,0,0,0,0,0,0,0,221,0,2020
539,Clark Harris,CIN,0,36,11,0,0,0,0,0,0,0,0,0,0,0,0,0,0,0,0,0,0,0,0,0,0,0,0,0,113,0,2020
540,Justice Hill,BAL,RB,23,6,0,0,0,0,0,0,0,0,0,0,1,1,3,3.00,0,0,0,0,0,0,0,1.3,1.3,0.8,0,152,0,2020
541,K.J. Hill,LAC,WR,23,10,0,0,0,0,0,0,0,0,0,0,6,2,23,11.50,0,1,1,0,0,0,0,2.3,3.3,1.3,0,196,0,2020
542,J.P. Holtz,CHI,0,27,11,1,0,0,0,0,0,0,0,0,0,0,0,0,0,0,0,0,0,0,0,0,0,0,0,0,110,0,2020
543,Johnny Holton,NYG,0,30,1,0,0,0,0,0,0,0,0,0,0,0,0,0,0,0,0,0,0,0,0,0,0,0,0,0,212,0,2020
544,Buddy Howell ,HOU,0,24,9,0,0,0,0,0,0,0,0,0,0,0,0,0,0,0,0,0,0,0,0,0,0,0,0,0,156,0,2020
545,Alshon Jeffery,PHI,0,30,2,0,0,0,0,0,0,0,0,0,0,3,0,0,0,0,0,0,0,0,0,0,0,0,0,0,205,0,2020
546,Jake Kumerow,BUF,0,28,3,0,0,0,0,0,0,0,0,0,0,0,0,0,0,0,0,0,0,0,0,0,0,0,0,0,201,0,2020
547,Marken Michel,CAR,0,27,1,0,0,0,0,0,0,0,0,0,0,0,0,0,0,0,0,0,0,0,0,0,0,0,0,0,215,0,2020
548,Bruce Miller,JAX,RB,33,7,4,0,0,0,0,0,0,0,0,0,2,1,2,2.00,0,0,0,0,0,0,0,1.2,1.2,0.7,0,154,0,2020
549,Steven Mitchell,HOU,0,26,1,0,0,0,0,0,0,0,0,0,0,0,0,0,0,0,0,0,0,0,0,0,0,0,0,0,202,0,2020
550,Chris Moore,BAL,0,27,1,0,0,0,0,0,0,0,0,0,0,0,0,0,0,0,0,0,0,0,0,0,0,0,0,0,210,0,2020
551,Jason Moore,LAC,0,25,2,0,0,0,0,0,0,0,0,0,0,0,0,0,0,0,0,0,0,0,0,0,0,0,0,0,208,0,2020
552,Stanley Morgan Jr.,CIN,0,24,1,0,0,0,0,0,0,0,0,0,0,0,0,0,0,0,0,0,0,0,0,0,0,0,0,0,213,0,2020
553,Jojo Natson,CLE,WR,26,3,0,0,0,0,0,0,1,3,3.00,0,0,0,0,0,0,0,0,0,0,0,0,0.3,0.3,0.3,0,197,0,2020
554,Isaac Nauta,DET,TE,23,7,0,0,0,0,0,0,0,0,0,0,2,1,3,3.00,0,0,0,0,0,0,0,1.3,1.3,0.8,0,104,0,2020
555,Qadree Ollison,ATL,RB,24,3,0,0,0,0,0,0,1,3,3.00,0,0,0,0,0,0,0,0,0,0,0,0,0.3,0.3,0.3,0,153,0,2020
556,Trey Quinn,JAX,0,25,1,0,0,0,0,0,0,0,0,0,0,0,0,0,0,0,0,0,0,0,0,0,0,0,0,0,227,0,2020
557,Craig Reynolds,JAX,0,24,1,0,0,0,0,0,0,0,0,0,0,0,0,0,0,0,0,0,0,0,0,0,0,0,0,0,155,0,2020
558,Andre Roberts,BUF,WR,32,11,0,0,0,0,0,0,1,-3,-3.00,0,3,2,22,11.00,0,1,1,0,0,0,0,1.9,2.9,0.9,0,230,0,2020
559,Mason Rudolph,PIT,QB,25,4,0,3,4,9,0,0,6,-7,-1.17,0,0,0,0,0,0,0,0,0,0,0,0,-0.3,-0.3,-0.3,0,69,0,2020
560,Eric Saubert,JAX,TE,26,3,2,0,0,0,0,0,0,0,0,0,1,1,3,3.00,0,0,0,0,0,0,0,1.3,1.3,0.8,0,103,0,2020
561,Matt Schaub,ATL,QB,39,1,0,0,0,0,0,0,3,-4,-1.33,0,0,0,0,0,0,0,0,0,0,0,0,-0.4,-0.4,-0.4,0,70,0,2020
562,Mason Schreck,CIN,0,27,9,1,0,0,0,0,0,0,0,0,0,0,0,0,0,0,0,0,0,0,0,0,0,0,0,0,118,0,2020
563,Ricky Seals-Jones,KAN,0,25,1,0,0,0,0,0,0,0,0,0,0,1,0,0,0,0,0,0,0,0,0,0,0,0,0,0,223,0,2020
564,Tajae Sharpe,MIN,0,26,3,0,0,0,0,0,0,0,0,0,0,2,0,0,0,0,0,0,0,0,0,0,0,0,0,0,214,0,2020
565,Matthew Slater,NWE,0,35,11,0,0,0,0,0,0,0,0,0,0,0,0,0,0,0,0,0,0,0,0,0,0,0,0,0,206,0,2020
566,Easton Stick,LAC,QB,25,1,0,1,1,4,0,0,1,-2,-2.00,0,0,0,0,0,0,0,0,0,0,0,0,0,0,0,0,67,0,2020
567,Chris Streveler,ARI,QB,25,4,0,0,0,0,0,0,1,3,3.00,0,0,0,0,0,0,0,0,0,0,0,0,0.3,0.3,0.3,0,65,0,2020
568,Taywan Taylor,CLE,0,25,3,0,0,0,0,0,0,0,0,0,0,1,0,0,0,0,0,0,0,0,0,0,0,0,0,0,225,0,2020
569,Eric Tomlinson,NYG,0,28,1,0,0,0,0,0,0,0,0,0,0,0,0,0,0,0,0,0,0,0,0,0,0,0,0,0,109,0,2020
570,Ross Travis,NYJ,0,27,1,0,0,0,0,0,0,0,0,0,0,0,0,0,0,0,0,0,0,0,0,0,0,0,0,0,108,0,2020
571,Malik Turner,DAL,0,24,4,0,0,0,0,0,0,0,0,0,0,0,0,0,0,0,0,0,0,0,0,0,0,0,0,0,209,0,2020
572,Kahale Warring,HOU,0,23,2,0,0,0,0,0,0,0,0,0,0,1,0,0,0,0,0,0,0,0,0,0,0,0,0,0,114,0,2020
573,Nsimba Webster,LAR,0,24,11,0,0,0,0,0,0,0,0,0,0,0,0,0,0,0,1,0,0,0,0,0,0,0,0,0,218,0,2020
574,Kevin White,SFO,0,28,3,0,0,0,0,0,0,0,0,0,0,0,0,0,0,0,0,0,0,0,0,0,0,0,0,0,224,0,2020
575,Duke Williams,BUF,0,28,1,0,0,0,0,0,0,0,0,0,0,0,0,0,0,0,0,0,0,0,0,0,0,0,0,0,216,0,2020
576,Luke Willson,2TM,0,30,6,0,0,0,0,0,0,0,0,0,0,0,0,0,0,0,0,0,0,0,0,0,0,0,0,0,112,0,2020
577,Caleb Wilson,PHI,0,24,2,0,0,0,0,0,0,0,0,0,0,0,0,0,0,0,0,0,0,0,0,0,0,0,0,0,120,0,2020
578,Juwann Winfree,GNB,0,24,1,0,0,0,0,0,0,0,0,0,0,0,0,0,0,0,0,0,0,0,0,0,0,0,0,0,211,0,2020
579,Logan Woodside ,TEN,QB,25,3,0,1,1,7,0,0,3,-5,-1.67,0,0,0,0,0,0,0,0,0,0,0,0,-0.2,-0.2,-0.2,0,68,0,2020
580,Tim Boyle,GNB,QB,26,7,0,0,0,0,0,0,10,-6,-0.60,0,0,0,0,0,0,1,0,0,0,0,-1,-0.6,-0.6,-0.6,0,71,0,2020
581,DeAndre Carter ,2TM,WR,27,10,0,0,0,0,0,0,0,0,0,0,2,1,8,8.00,0,1,1,0,0,0,-1,-0.2,0.8,-0.7,0,231,0,2020
582,Adrian Killins,PHI,RB,22,1,0,0,0,0,0,0,1,-12,-12.00,0,1,1,2,2.00,0,0,0,0,0,0,-1,0,0,-0.5,0,159,0,2020
583,Robert Griffin III,BAL,QB,30,3,0,1,2,9,0,1,5,1,0.20,0,0,0,0,0,0,0,0,0,0,0,-2,-1.5,-0.5,-0.5,0,72,0,2020
584,Dante Pettis,SFO,0,25,5,1,0,0,0,0,0,0,0,0,0,1,0,0,0,0,1,1,0,0,0,-2,-2.0,-1.0,-2.0,0,233,0,2020
585,Dede Westbrook,JAX,WR,27,2,0,0,0,0,0,0,0,0,0,0,1,1,4,4.00,0,1,1,0,0,0,-2,-0.6,0.4,-1.1,0,232,0,2020
586,Kendall Hinton,DEN,WR,23,1,0,1,9,13,0,2,2,7,3.50,0,0,0,0,0,0,0,0,0,0,0,-3,-2.8,-0.8,-0.8,0,234,0,2020
